1,295.2725917005482,5774
2,-871.3745324537158,4728
3,-838.0785130659933,5768
4,-300.08069669305405,4487
5,-514.389820035547,4335
6,-562.2564628086984,4535
7,-442.8231222026516,4514
8,-823.4419578313828,4354
9,242.05072774124346,5842
10,-191.6246891959231,4528
11,-532.7847557310015,4308
12,-853.3926083226106,5781
13,-1771.4885059520602,5903
14,89.41241300534602,4272
15,-408.79563774772396,4561
16,-506.7657609153539,4295
17,-417.1376900897085,4600
18,253.38819597747533,4544
19,-569.5588619969785,4546
20,122.86968071535466,4520
21,-1373.3623448610306,4548
22,26.877065412590127,5916
23,-266.50638187280856,4525
24,-622.9080034643412,4643
25,-1245.5235043019056,4477
26,170.0188503485988,4513
27,-517.717419186607,4562
28,-610.3497622199357,4870
29,-927.4089920935221,5866
30,-961.9249137575971,5856
31,50.975616374009405,5868
32,-63.80314022954917,5848
33,-1871.3435360267758,5862
34,-179.77013212400198,5168
35,37.672745693154866,5827
36,16.273188826598926,4485
37,-534.5488990349695,4841
38,-903.9442879005801,5860
39,-1322.147776901722,4521
40,73.73658356967348,5868
41,-543.3678012248129,4652
42,-893.0982361882925,4534
43,-446.6872231788875,4576
44,-1362.7400107085705,4569
45,-401.84662206181747,4548
46,-526.8165625780821,4576
47,-820.4296604990959,4556
48,-629.6130743436515,4601
49,193.5716814988209,5934
50,-920.2922789840377,5907
51,436.52505703776615,4504
52,-1893.5399418845773,5900
53,-892.4062769368356,5848
54,183.298932327099,4492
55,-870.2708775755018,5869
56,420.95817396600614,5774
57,-1850.784537062049,5696
58,-252.20036701412755,5439
59,-844.7691454787564,5810
60,-730.2406325489283,5240
61,36.00436036680003,5813
62,-1607.3236422203481,5825
63,-1351.9456077069044,4494
64,-22.574860156619252,5806
65,-1369.37672597263,5784
66,-754.1669853409592,5813
67,-846.9655932188034,4463
68,-1891.7382246404886,5785
69,114.51207053069083,4457
70,127.650796514994,4472
71,-1200.562647074461,4477
72,-731.0629357025027,4479
73,-1861.9877644702792,5830
74,-857.1637367460644,5798
75,38.55437635416456,4477
76,-303.0291283784618,6804
77,-1541.7765197381377,5758
78,-437.5552158646751,4477
79,-692.4857709974749,5750
80,-1721.0626338124275,5762
81,-1412.6238850206137,4720
82,56.87649847968714,5769
83,-659.8211659675289,5788
84,247.51607471021998,4508
85,-555.6455637101317,5748
86,-70.801578159786,4751
87,-448.28440341120586,4477
88,-84.54513599153142,4496
89,75.53261704112083,5894
90,-830.701244425436,5745
91,120.66046506171188,5758
92,-832.8419522762124,5716
93,-911.8077114079788,5677
94,-1822.5228398442268,5660
95,-1049.4703914083075,5706
96,-1298.4239639500738,5702
97,-1244.0455016347696,5760
98,-409.55962367285974,4520
99,134.45649697625777,5767
100,-28.05005866647025,5759
101,-1796.8880837261677,5766
102,-1846.7445519715548,5693
103,-505.51216975040734,4499
104,-523.0916859284043,4522
105,403.61622541986344,5787
106,-846.4216565713286,5389
107,-1876.3372342959046,5798
108,-846.4125151879853,5765
109,-1846.675829820335,5786
110,-454.6011932973197,4551
111,-862.7257041988196,5808
112,-895.7519107617554,5808
113,-1883.5797364115715,5792
114,-1331.8204380571842,4520
115,-1746.8625062555075,5766
116,187.6962700435397,5747
117,-991.9894799028989,5763
118,361.17275712657283,5753
119,29.381773773712666,5737
120,200.82374738506041,4468
121,-578.2467984360119,5752
122,236.30644052975367,5694
123,-1758.1758496463299,5670
124,-963.7352732717991,4844
125,-1815.77711366117,5745
126,-878.3336955590639,5762
127,-844.1189531898708,5778
128,167.3291053099383,4547
129,108.673614708061,5754
130,168.9935747027339,5722
131,-1645.9758617430925,5723
132,-859.7253295589217,5745
133,-1478.0336201414466,5750
134,-1220.6847823113203,4531
135,-887.594183397945,5755
136,-425.3906614133157,4538
137,-292.3235688441773,5718
138,-400.3189980277748,4514
139,-403.02919921209104,4492
140,-1556.5419967472553,5710
141,308.3247527265994,4521
142,-859.2111418028653,5744
143,-1359.7716150060296,5727
144,-1874.2989337444305,5748
145,-1866.8495140373707,5753
146,-1400.919576242566,5785
147,14.29854261163382,5798
148,-709.0213122591376,4763
149,-1005.8885837759008,5807
150,190.5770746181097,4536
151,-508.5871468000114,4521
152,-8.905128824342682,5774
153,-849.946114232589,5759
154,-657.2107018188108,5704
155,236.04000238857043,5733
156,65.3348315538351,6603
157,36.3593551808699,5721
158,-1165.0497955977917,4440
159,-991.9796676486731,4389
160,-1339.253164678812,4484
161,-1421.0956433136016,5719
162,-861.5906901470735,5735
163,-1496.1579194664955,5727
164,-401.3554377631008,4507
165,165.26176647966713,6585
166,-869.0778271122836,5746
167,78.2453535458335,4407
168,-1648.5295008644462,5766
169,92.55868986668065,4397
170,-865.931266010215,5747
171,88.62279389035393,4418
172,-17.965546029456164,4416
173,-839.2460469900398,5707
174,-534.1470894962549,4469
175,-69.35967694296187,5760
176,-50.65743465621199,4579
177,-793.5144844502211,4463
178,-894.0563142264145,5749
179,68.01063258994691,5730
180,-1356.1107921600342,4443
181,-594.9847627207637,4655
182,-420.7790935805533,4481
183,-1400.004280376248,5748
184,121.99734804715263,4512
185,17.34759740811569,5784
186,20.800483519498812,5785
187,-538.887233639136,4543
188,-558.9601241871715,4592
189,-25.459611323138233,4492
190,-1885.9824602231383,5781
191,-1682.2065610438585,5758
192,-588.8584725037217,4597
193,-1328.1551994979382,4633
194,-2007.8018732219934,7081
195,-997.0393715860555,5646
196,-840.0178260631801,5552
197,122.9304130500243,4360
198,-1256.3027818889823,7219
199,-111.75958471782178,4393
200,-499.01969974172243,5644
201,-523.5420365440659,4710
202,201.50966873131256,4442
203,-16.265463141957298,4478
204,-708.5380391851068,4489
205,-251.87105859734584,4476
206,-913.0271573215723,4472
207,-504.57106604232104,5638
208,-1844.372914671898,5684
209,-403.9116369174444,4456
210,238.83771080404404,4498
211,-799.7911471948028,4495
212,251.7452015551935,4464
213,47.721182088847854,4483
214,-1.1565371022770705,5693
215,63.454438278337875,4554
216,-550.186256736517,4464
217,-731.6747079268098,4539
218,-3.2077613044975806,5712
219,-167.23400935454492,6683
220,376.3129415985022,5647
221,16.83646770636551,4594
222,-2160.90157674253,6725
223,-613.7663564868271,4586
224,-782.9519840627909,4557
225,242.3485707743821,4619
226,-855.554167343158,5651
227,-1023.7247993648052,4562
228,-37.34096234605386,5639
229,-1478.819189845788,6763
230,131.45134183365371,5552
231,-1942.053212851286,6838
232,-1022.9348700079136,5660
233,-1162.4204981269431,6680
234,-1212.5739378481085,6906
235,-858.2250761468895,5568
236,-284.1630714789253,6819
237,-1506.41944155097,4638
238,-1956.0783616751432,6823
239,44.95537232346578,5615
240,-848.7344188920688,5659
241,-1170.5183542536106,6732
242,-1587.4536187797785,5630
243,-860.5924741253257,6672
244,-1097.6015601117397,6529
245,-1589.1683165207505,5602
246,-815.2986206003116,5602
247,-686.5419370755553,4632
248,-1129.6507164239883,4413
249,-591.6996138747782,4686
250,-2044.4901573359966,6867
251,-14.41093590968012,5589
252,-1386.0118217654526,5621
253,-630.1800997518003,4729
254,-87.90232567905332,5633
255,62.166946616227506,5626
256,-861.6730447137288,5599
257,-847.0249477468511,5651
258,-1501.4047070741653,4645
259,-1155.3757218772662,6795
260,46.83823627089441,4614
261,-1152.5720002606395,6680
262,-199.20899762038323,4455
263,-497.88334602862597,4453
264,-859.7344406766351,5738
265,-2009.6259793788195,6702
266,-23.446394499253074,4625
267,-858.1178045708002,5682
268,-1788.2676740139723,5693
269,-1369.6254320889711,4610
270,-475.83684233773965,6816
271,251.94440251607375,4393
272,-2326.745943441987,7110
273,-1838.2743707299232,5606
274,-210.78400401800172,5591
275,-93.04696690575929,4943
1,14.037129338352315,4451
2,-536.1933242455125,4494
3,-1113.1265407800674,4627
4,89.16909796666732,4518
5,133.94264473785893,4509
6,59.626496804230555,4676
7,30.938427563844016,5881
8,-1540.5485431440175,5920
9,-886.9001427143812,4490
10,-92.2537164202804,5955
11,-632.4869386516511,4885
12,-1005.8754700571299,4865
13,-549.0296202041209,4623
14,-402.8897751464974,4463
15,-35.93321846456547,4784
16,-1367.3400938361883,4503
17,-1860.2507428079844,5772
18,-851.9437567322748,5794
19,-1551.4600564837456,4869
20,117.93017898807011,4473
21,-1763.7116780281067,5627
22,-1711.7798427045345,5603
23,-717.7828751951456,5011
24,-1003.700767891889,5760
25,-973.0558279156685,4460
26,146.19620046900673,4533
27,-959.406646952033,4502
28,136.9719778787112,5809
29,-571.5256808204576,4714
30,118.96397850828362,4503
31,-1322.3797273793025,5752
32,-543.8021903764457,4519
33,124.85065540646247,4529
34,-1585.8717219904065,5779
35,48.321224967694434,5858
36,18.392003448894684,4760
37,93.71948859782424,4513
38,-953.9852637914009,5821
39,13.586254994384944,4594
40,-921.5963845802471,5877
41,-1460.4428447186947,4687
42,-600.1969176990096,5843
43,-1863.4950403422117,5818
44,-1316.1603824794292,4676
45,-448.92241830728017,4498
46,-1299.0556428283453,4595
47,-1429.096320539713,4536
48,-576.3411712534726,4536
49,143.01629612861552,4475
50,-1279.7521020621061,4562
51,-470.06683633633656,4595
52,-542.8725650478154,4578
53,161.25973779170454,4559
54,-30.645760094594152,5875
55,-1654.4355584904552,5857
56,-782.3651547431946,4482
57,-1402.9038620591164,4354
58,-421.7489281492308,4589
59,-260.3385283268872,4596
60,-1248.7726905792952,4331
61,-557.1825696863234,4226
62,-23.196258762051002,4282
63,-902.8857815222,5931
64,-1728.6833254992962,5914
65,-1376.9980596292064,5954
66,-33.635792826375564,5912
67,-942.3238849125628,5940
68,-1387.4982581734657,4278
69,-1283.6558678001165,4654
70,286.8512590582832,4702
71,-422.16172085852304,4719
72,-442.4513114191359,4715
73,-699.8343113329611,6164
74,3.862606970287743,4267
75,-1007.1810369491577,4667
76,154.54170858605676,4702
77,-1269.42998239398,4669
78,-1084.6777651757002,4323
79,-903.5150651335716,4406
80,-593.850558899343,4337
81,-924.1567019075155,4628
82,-1409.2014886289835,4412
83,-1080.223959684372,4440
84,-939.2737180269905,5975
85,212.60078931383032,4592
86,-1613.875249452889,5898
87,-402.12053943649516,4565
88,-584.1524030156434,4673
89,-577.5102791264653,4660
90,-865.6312647850718,5908
91,206.68272421180154,4571
92,-469.437516799735,4562
93,-1910.550882205367,5935
94,-454.4011749769561,4566
95,-514.4550950918347,4587
96,-972.0402520774514,5899
97,-911.694990657852,5923
98,267.19236785615067,4457
99,-1886.1132624968886,5915
100,301.43739189091866,5891
101,129.6618605063013,5892
102,-863.1328947953298,5891
103,253.3217407397824,4518
104,-1051.1157136410475,4492
105,81.8463005855956,5819
106,146.5305005411701,5903
107,-1373.3958334534254,5887
108,177.3111465514703,4512
109,-1809.2232668846846,5818
110,-75.66376084632066,4740
111,-1473.3482564873993,5896
112,-33.42587748086953,4748
113,-912.5722365528345,4511
114,-528.515921421349,4611
115,-1407.3450187973503,5839
116,-1835.210063651204,5822
117,-1121.142741255815,5846
118,-407.6020423199516,4496
119,-207.24678869440868,4586
120,23.637059043925547,4602
121,-892.2275477179792,5872
122,228.35501696384745,4575
123,-1374.6260379254818,4550
124,-722.8781896010041,4511
125,-988.4894090145826,4503
126,-420.733354859869,4501
127,-461.4734011813998,4558
128,3.979889288857521,4592
129,85.50504801766465,5861
130,184.99060914353686,5869
131,157.88321785720473,4545
132,-885.2112896740437,4530
133,-158.98566285750712,4557
134,-1254.7763502448797,4467
135,-28.585127032627497,5823
136,201.29673061569156,4537
137,-1356.2921894500214,5846
138,-438.62418656866066,4517
139,-112.15623607300222,5812
140,-1211.9517533779144,4526
141,-687.6658161240048,5710
142,-849.9289828687906,4352
143,70.14115716313245,5785
144,-709.6223869623846,5794
145,-66.90577859399127,5787
146,-1551.1714717671275,5768
147,-853.4325894092326,5778
148,-533.2781666740775,4247
149,-395.6230338605237,4542
150,349.57672792000903,5792
151,140.44923839821058,5789
152,-503.0712524596602,4569
153,-557.8702985681593,4202
154,-1364.8823924064636,4562
155,-1647.30725851655,5823
156,55.44585927597291,4289
157,-440.1962966690771,4560
158,-131.02468307610252,5779
159,218.31250438231655,4583
160,-1365.296569660306,4576
161,-850.1665529005695,5770
162,-74.34474504703394,5789
163,-420.39236372709274,4524
164,154.03644457731752,5796
165,-780.2257030635374,5797
166,116.41201436832125,4512
167,-773.2737072482705,5224
168,54.09772721509489,4465
169,-1349.461982294917,4558
170,279.0763344971456,5793
171,-336.30050590398605,4520
172,-562.231216982007,4528
173,240.29478528005438,4546
174,-540.0529183149338,4498
175,-1027.9864763345686,5805
176,-455.56685604853556,4523
177,-1402.386745305732,5793
178,-116.6150207719893,5830
179,-1648.9622865766287,5850
180,-526.6928819045424,4416
181,-873.3083813238773,5854
182,-508.4553377125412,4390
183,-551.6537189781666,4458
184,-1841.1658310443163,5874
185,-1802.469852566719,5842
186,-878.4444260720338,5829
187,-1086.7888250350952,4575
188,120.78500576503075,4567
189,-609.9488799273968,4273
190,-516.5351669993252,4283
191,-419.85014322330244,4597
192,-563.3333019167185,4251
193,-886.7522439018358,5881
194,-1403.8844101428986,4318
195,-89.2557273872444,4339
196,-1882.1944263577461,5821
197,-546.5612341165543,4480
198,118.87365792521268,4509
199,-486.2169081699103,4524
200,-1167.7775788903236,4505
201,-519.3331354409456,4239
202,-64.14651301937374,4240
203,-851.2397873854497,5763
204,-640.3310952186584,4510
205,-497.26853560470045,4357
206,-1894.4095911309123,5808
207,-526.2134119626135,4295
208,-519.6572307553142,4311
209,3.1105100195272826,4539
210,178.25008997195619,4533
211,-979.309384778142,4323
212,-1315.1714103370905,4495
213,-1226.803361415863,4506
214,-107.92110878399853,4368
215,-1009.8218619525433,4303
216,-865.3571880818345,5792
217,-1211.4900164306164,4286
218,-893.3924828556046,5777
219,-434.9000692816917,4523
220,-1857.4019846916199,5811
221,-1388.9077096432447,4424
222,146.26212177303387,4322
223,-853.6651004815358,5811
224,68.2196111170997,4289
225,-1865.0455334857106,5827
226,-1413.7812786847353,4347
227,-1873.3710994571447,5816
228,338.7021453324269,4399
229,7.603434743725302,4357
230,-964.4240947067738,4521
231,-1200.4659457057714,4517
232,-1635.893984645605,5796
233,-11.678978135987563,4538
234,-1698.2781727537513,5913
235,-16.92122948132237,5869
236,-572.5197568535805,4564
237,-607.4173537120223,4354
238,0.30491772884488455,4402
239,-878.9184063753928,5815
240,81.69959642769754,5730
241,-616.9832437410951,4772
242,211.23974075748993,4539
243,-212.5596312089565,5750
244,-1066.270471732466,6447
245,23.891896661025385,5789
246,-252.64994674245827,4519
247,-429.7232017617498,4543
248,-1180.9460819512606,4456
249,116.96012144449924,4450
250,-21.880296304985677,5871
251,-865.5717527654924,5857
252,-318.2590595233487,4421
253,-3.447506208976847,5908
254,-421.70628982805647,4590
255,-513.9831687882543,4456
256,-401.00432779592575,4582
257,-16.238910222416052,5954
258,-1294.9190510958433,4506
259,219.43062480718436,4591
260,-1838.508754618466,5989
261,-905.0282430308289,5956
262,-526.8988386078709,5906
263,-1905.0923557206988,5891
264,-482.68569233827293,4458
265,-24.99690340756206,5872
266,-410.0883052540594,4576
267,-498.0849421750754,4490
268,-1023.0320736765862,4495
269,-489.7164441437053,4563
270,-445.19452520040795,4559
271,-403.3074826525044,4571
272,-375.0855375029205,4478
273,-1387.7228357046843,4482
274,64.81521668881396,4551
275,-908.139274726971,5971
276,-862.8505993932486,4343
277,-890.7658369027995,5961
278,-1324.681556776166,4634
279,-198.00508992489267,4618
280,439.1512493715127,5959
281,-873.9796407955655,5958
282,225.62446442783403,4597
283,-442.8367694535409,4636
284,-1038.9944916772656,6027
285,5.759564535963364,6000
286,-889.4853454413824,6032
287,70.8776864110971,4631
288,-551.6042311377823,4645
289,-496.6114695565775,4594
290,-223.63603070980753,5965
291,-1277.5843733847141,4622
292,-1003.0163859575987,4616
293,-673.3756925836205,4700
294,-980.3581785261631,4592
295,-1352.8458604067564,4581
296,-1410.4659012258053,4600
297,-1235.9736264497042,4541
298,-413.9368992008085,4579
299,-1898.7129400148988,5984
300,-1049.274429930374,5970
301,-505.6025081910193,4433
302,-714.8386312350631,4640
303,-508.88958631735295,4427
304,-1919.8455015271902,6036
305,-963.6070780009031,4645
306,187.3718816964829,5991
307,-461.10237587988377,4533
308,-559.6142801940441,4442
309,351.2475744808671,4611
310,74.60572571234297,4437
311,235.4173988439943,4623
312,-393.63818072061986,4467
313,-1366.5408989489079,4362
314,-1213.3052276670933,4426
315,84.5886935940216,4592
316,-407.6043278945144,4609
317,-873.9604393573245,5959
318,-511.0882674265922,4596
319,-1261.0063907387666,5988
320,-317.31522393238265,4610
321,28.68215631619387,4781
322,-592.6652548834682,4780
323,-555.3701937543228,4736
324,297.9029317090026,4552
325,-406.3866146483924,4594
326,-1853.6553219780326,5971
327,130.6366108305956,5921
328,-381.45927289151587,4491
329,-1233.3081109672785,4483
330,-491.1737055182457,4509
331,-877.2943724591169,5913
332,-875.868283869233,5903
333,-409.86231201828923,4580
334,-864.2803245933028,5916
335,-490.74151593793067,5894
336,-853.7729770369479,5922
337,-1802.3134909719229,5843
338,-907.0469152033329,4527
339,-399.3367377372342,4525
340,-396.386057865504,4524
341,286.9617324568608,4740
342,-1659.4712398648262,5939
343,-983.7343806475401,4526
344,-537.7361481077969,4655
345,15.8467077080345,5907
346,-680.5746918693185,4827
347,-616.9982166923583,4774
348,-586.6032892977819,4809
349,-631.379303202033,4860
350,-925.3380750417709,4510
351,-451.7060183560825,4493
352,153.45900012669154,5767
353,260.8765265633192,4504
354,363.5756612067744,4508
355,-443.16616356294253,4494
356,-863.8502927829813,5875
357,186.2474070646167,4517
358,-939.7092068656348,5800
359,22.880788397720607,5802
360,-1878.688469313085,5811
361,-418.0031205318228,4501
362,-427.2171551214997,4510
363,325.7330553019474,4499
364,-1267.3690013289452,4514
365,-497.16304258350283,4500
366,-388.9367814559373,4505
367,-563.3966827131808,4680
368,-536.4098811745644,4620
369,-1686.6677298024297,5828
370,-418.2370577099973,4520
371,-841.9781415759286,5832
372,95.53759809654366,5809
373,-1734.3461257368326,5828
374,133.62545527274415,5888
375,270.17677851280314,4496
376,-1734.4175381883979,5845
377,-499.2495523104444,4514
378,-1467.8905284404755,4642
379,-1220.9605211019516,4500
380,-1835.2085547447205,5820
381,424.0606816390209,4501
382,174.34188480057492,4496
383,-1630.3700813502073,5806
384,-500.941552342847,4505
385,-1310.3331019580364,4517
386,196.89525460498407,4500
387,-576.8506404906511,4666
388,33.36079175586201,4591
389,-1082.3889454752207,4528
390,-890.5242835946847,5803
391,-150.47168293822324,4487
392,37.351936158640456,4574
393,261.9300592729669,4492
394,-672.480718895793,4643
395,-1357.5249349474907,4728
396,-1350.9217314720154,4475
397,-1326.1195980459452,4581
398,-571.4618705995381,4597
399,-1046.0133912753663,5797
400,-1464.8112924098969,4661
401,63.920341018325416,4639
402,-1184.2615817636251,4509
403,-838.5719452435951,5787
404,12.086226962789624,4622
405,-817.2674272108125,5766
406,-890.9706328648026,5778
407,174.15603565377387,4497
408,-1245.2205592244864,4698
409,-579.6722166314721,4521
410,-1194.8021941283369,5790
411,-780.0994217550033,5789
412,-1205.86919225179,5797
413,-759.6611339598894,4749
414,-610.2580081708729,4722
415,-956.3625676338233,5825
416,-575.4985253065825,4678
417,228.17053605478577,4533
418,-2.8591357477880592,5844
419,-625.258225992322,4527
420,125.61220128044442,4515
421,-416.5097160753212,4536
422,-1292.4447376281023,4701
423,-5.316224064687049,4757
424,-115.52187028472326,4789
425,259.499787745488,4498
426,-844.2453233244596,5793
427,-1163.0807772026747,5812
428,209.0654059418448,4501
429,-1095.820100799203,4879
430,-89.62937815255282,4935
431,-36.42541302184691,4881
432,-834.5017185130855,5834
433,-80.78796023109317,4869
434,385.26519745799214,4481
435,-1322.2260492742062,4498
436,127.23172836404046,4495
437,-494.2380086937919,4491
438,-595.5948640126735,4783
439,-1846.9616753533483,5824
440,-397.82252762501594,4506
441,345.71355866261,4511
442,-1900.12875764817,5889
443,3.7627444274839945,4724
444,-592.8811848051846,4681
445,-889.8387380530658,5805
446,0.09511904962027984,5917
447,176.26191670635308,4538
448,-1308.8651007562876,4752
449,-624.9192428700626,4746
450,-19.581066741140603,5900
451,-537.6660802867264,4655
452,220.1344193605837,5882
453,42.507444785209145,5892
454,-1432.733869889751,5918
455,230.87343982206858,4551
456,204.01349756654236,4546
457,-1877.25823084265,5895
458,-871.0482351280516,5909
459,-277.4318546736031,4633
460,-1195.5939856022596,4543
461,75.96448317816339,4638
462,-414.91615522343636,4537
463,-1349.1953945163405,5892
464,-1882.1202175915241,5860
465,-1361.6070152074099,4528
466,-968.5855791288195,5855
467,52.59123223560891,4587
468,-705.2788375243545,4508
469,-1274.8845534920692,4507
470,222.5463873607805,4548
471,260.06765937082673,4610
472,-429.26597880304325,4490
473,-919.4762459711637,5822
474,306.6867779665845,4590
475,-406.92412909289123,4506
476,-1483.6831572446972,5975
477,-866.0234971528698,5775
478,-1476.188333272934,4627
479,17.594932926599768,5747
480,61.28857693406462,5774
481,-1860.7783226370811,5733
482,-1854.4831057563424,5720
483,-766.25408808887,4460
484,-441.096710938029,4468
485,17.51701997328837,4690
486,-460.1381819342496,4728
487,248.75335825372167,4674
488,-433.9474603550152,4456
489,-1369.2934595644474,4751
490,-1865.3809106647968,5753
491,-938.5212594270706,4700
492,146.39685104370437,4467
493,-1351.9836977273226,4471
494,-1476.6527047753334,4671
495,43.04174143112732,4684
496,-295.199165281927,4493
497,126.4893831384943,4490
498,-32.10756899317494,4703
499,-589.1574160046875,4764
500,37.730691830144224,4765
501,-29.307474523291603,4695
502,42.6426060593069,5868
503,-884.4700135712628,5859
504,-96.8565270275044,4511
505,-1190.626622647047,4856
506,-655.9152150340378,4895
507,-1253.934913083911,4830
508,-1509.8982864767313,4796
509,-421.9522289012093,4496
510,-1174.9497219622135,4507
511,-243.76147276520896,4693
512,-1869.8338273912668,5835
513,-398.7719268751098,4505
514,-1389.2410008907318,4770
515,-563.324736924842,4691
516,-1358.2720940113068,4725
517,148.71346687542973,4496
518,-1074.8250555992126,4494
519,-1002.7449981466052,5797
520,-443.65218826389173,4515
521,122.90158290088584,5828
522,-540.7412791000679,4609
523,-1665.3380095362663,5823
524,101.17877917143596,5842
525,-1472.7747988253832,4615
526,-544.3695682734251,4582
527,-884.5972950874129,5834
528,-951.5997524667473,5871
529,-617.4554896056652,4400
530,-305.14981964927483,4537
531,-597.1915722702397,5841
532,-909.1276771903504,5834
533,-68.3651531269461,4528
534,123.49009103280696,4517
535,-1052.634989336133,4515
536,-901.926506008138,5835
537,264.31864551090257,4569
538,85.12212873359385,4511
539,-1298.2716204463504,5815
540,-116.61726159139016,4423
541,-1666.8301431015134,5831
542,-1288.991228416562,4547
543,-1073.2607680218644,5846
544,131.04848833347933,4525
545,-493.60210788063705,4407
546,-1177.1866770088673,4531
547,-419.2679022315133,4510
548,-1310.6243396454956,5797
549,-1125.583085849299,5794
550,209.85222313666236,5797
551,59.82213092458551,5810
552,-480.83056487329304,4417
553,-1178.3806166946888,4528
554,-13.17999435629099,5772
555,-1623.5081001073122,5812
556,73.00560915173264,4388
557,-409.86045853976975,4529
558,-708.3204953382519,6331
559,74.87769419071265,4485
560,-1229.239429578185,4435
561,149.87465583428275,4525
562,61.0177100924484,5814
563,-1126.677971109748,4444
564,-990.0982455313206,4442
565,-607.712967261672,4451
566,-569.2042814567685,4423
567,-1052.231991559267,4453
568,-386.14015775478765,4425
569,429.17154831361404,5851
570,-1846.3073680847883,5868
571,-1660.1487645730376,5861
572,320.51383302974864,4548
573,-893.9893503636122,4530
574,152.2422497330117,5849
575,-1415.44959230721,4577
576,-864.3349647049326,5858
577,52.91163389121539,4570
578,-546.6560699641705,4588
579,-530.3503296608105,4559
580,82.35900663677603,4545
581,-1276.873960018158,4560
582,-513.7749489676207,4552
583,-1357.91650955379,4561
584,151.69387235856993,4530
585,-416.0656674793863,4573
586,-1324.9521614611149,4564
587,-415.89845595469706,4557
588,-442.5621358368662,4566
589,-424.9710174818756,4566
590,-8.211169340869674,4531
591,-899.236211576499,5901
592,-157.0964570766664,4582
593,-516.8052747063339,4454
594,-327.3690348494565,4583
595,-1917.152373738587,5958
596,-371.50116691191215,4582
597,88.29445573229168,4580
598,-490.51993975415826,4460
599,-1174.69278614223,4568
600,-1930.5903462022543,5933
601,-72.96846286710934,4577
602,-483.7463689632714,4476
603,211.75439216147788,4590
604,-872.773700219579,5944
605,-1282.7252067727968,5937
606,-33.237715545255924,4484
607,128.07036505240103,4581
608,-339.6382064623758,4473
609,-473.2316809739932,4582
610,-1810.6886363327503,5970
611,-434.0602741842158,4594
612,227.6283214000141,5951
613,133.91619627528416,4578
614,-1427.96362270182,5950
615,-1074.0549080520868,4563
616,-874.3010660044965,5921
617,5.531204507755092,5881
618,-889.5113301575184,4552
619,-1348.3842793107033,4557
620,127.26824551886966,4552
621,-1369.1909244060516,4594
622,-817.1526731103659,4563
623,13.465092844198807,4557
624,-456.0915064973233,4549
625,297.5140238581007,4565
626,-406.9180822071139,4549
627,127.00791578308417,4557
628,-1087.3103475570679,4516
629,-899.905910924077,4521
630,-196.0756839402311,4557
631,-1353.3136238753796,4569
632,-515.8124840892851,4487
633,105.88312278017474,4493
634,-1158.6920604854822,4499
635,-1317.8530296087265,4478
636,98.82741004263517,4469
637,-795.4155666232109,4489
638,-868.0031551800785,5890
639,79.07267600305931,4475
640,171.04173073922357,4556
641,-10.218389372256297,4537
642,183.7305230327347,4547
643,-1581.021952148527,5895
644,-299.952846642395,5861
645,-1910.507866024971,5884
646,-1463.6569917052984,4690
647,-1261.2952802032232,4531
648,-1647.8963428288698,5844
649,-260.5588788758687,4521
650,136.61129483344848,5840
651,-1280.9139207154512,4517
652,-1479.3695559501648,4680
653,-1895.8399619981647,5844
654,-1234.5819502174854,4616
655,155.66276982449972,4520
656,-549.2407271135598,4654
657,-24.200154799189477,4659
658,-886.4627839185123,5820
659,-1357.1021656692028,4509
660,-1095.6642941087484,4629
661,309.0859261294354,4545
662,125.62583625119441,4527
663,-1195.2972715497017,4529
664,122.3113984628435,5854
665,335.8811571549122,4489
666,72.61033878191665,4488
667,-496.90649709664285,4448
668,-870.4568224549294,4480
669,-508.68337414972484,4512
670,-249.33574435188348,5819
671,-414.75874553396716,4509
672,-543.3521278500557,4561
673,-480.54882253240794,4588
674,-862.590148053132,5816
675,-524.1089344378561,4571
676,-1371.1529513150454,4501
677,-1860.1351790130138,5823
678,-444.27136770868674,4514
679,-861.2179809822701,5818
680,43.82700034114123,5810
681,-495.6953586237505,4512
682,211.00056770862284,4548
683,-1223.4511996656656,4581
684,-866.6068278960884,5822
685,-570.9777188412845,4627
686,-416.5879470554646,4530
687,-876.7300283504301,5864
688,-1482.3024028539658,4658
689,-186.50426219729707,4697
690,-1098.5371912422124,5856
691,49.91003000136334,4624
692,-523.3443065416068,4590
693,-1334.389410495758,4576
694,213.3812782707273,4535
695,28.923897266378845,4609
696,92.40302536350646,4610
697,-445.20261572656455,4506
698,-578.4647510796785,4674
699,-1339.7729025185108,4648
700,-546.7948797410354,4639
701,-318.11620784539264,4583
702,143.56807530815058,4528
703,-673.8089868724346,4520
704,-39.16061220804113,4530
705,-1471.5360496640205,4741
706,-589.681901846081,4728
707,75.20886142355448,5872
708,219.7763372882182,4529
709,-584.0999630875885,4728
710,-494.672422826814,4540
711,-1336.3709054738283,4535
712,-492.43421392759774,5903
713,-857.1312348113279,5906
714,-802.2579841837287,4528
715,-560.3843311611563,4725
716,-467.45989395224024,4548
717,-497.01967825583415,4557
718,-138.0834567027341,4550
719,201.23724009268335,4540
720,-46.655797395571426,4855
721,-723.8377988487482,4540
722,190.69957070551027,4675
723,-1176.821144297719,4539
724,-1273.8608606308699,4543
725,-1249.8321534246206,4708
726,-1724.7247230485082,5898
727,-39.3267084749823,4694
728,-634.3948208279908,4740
729,-599.2068041972816,4705
730,-480.70957197240205,4551
731,-920.8303343355656,4558
732,9.249302240601537,5909
733,-455.3895888873376,4526
734,231.87258967217235,4534
735,285.1348300803911,4526
736,57.998239993434254,4791
737,-592.158286832273,4523
738,-690.8828935027122,4520
739,-445.1504876552717,4519
740,389.8595332146542,4518
741,-584.9755847696215,4794
742,-634.216950558126,4816
743,-28.85325921947151,4804
744,-1326.127470433712,4772
745,-571.8842380372807,4739
746,-1260.9153776168823,4770
747,-1312.5465196371078,4519
748,-927.1629468500614,4804
749,-6.191984676544962,4791
750,123.32829436792235,4765
751,-1077.4293433129787,4719
752,459.0438531638556,4527
753,-1421.5275066196918,4734
754,-408.8107306226739,4538
755,-767.1437371745706,4707
756,-953.0520094931126,4692
757,-542.9949428979307,4648
758,-167.67436365615868,4540
759,-575.2744776308537,4669
760,-1329.2344215363264,4690
761,-826.264993222605,5868
762,-1356.1282772868872,4520
763,-821.7702765241265,4683
764,-403.66571042265423,4516
765,-673.3567905947566,4649
766,-1288.7712134569883,4641
767,-1060.5200982391834,4523
768,59.865770784123015,4644
769,-569.7879387568682,4523
770,-1448.153259947896,4605
771,-630.6921781823039,4649
772,-1463.4241447597742,4666
773,-621.1694221496582,4658
774,-123.79594482007178,4631
775,-1393.7179044038057,4668
776,58.68687139053873,4695
777,-555.6421345304698,4680
778,8.764977045582782,4682
779,1.1964688439111342,4660
780,-1098.606143385172,4646
781,-978.9278247058392,4654
782,441.53219282502687,4524
783,-1251.5376692712307,4517
784,-1343.7355252206326,4732
785,-471.5744963721372,4794
786,-585.8134362120181,4797
787,-51.42882014223687,4749
788,-1109.311277076602,4729
789,-703.0288065746427,4518
790,-186.03828111244366,4730
791,-532.1355079663917,4732
792,-23.3084248203304,4752
793,-1130.1167513728142,4740
794,125.93410529997345,4498
795,-775.5942061534151,5835
796,-1171.3782945122803,5838
797,-1270.6526677161455,4798
798,-630.2330329827964,4792
799,-1232.4509305597167,5843
800,-1345.9540473520756,4510
801,-257.86105846672035,4763
802,-1229.1591011881828,4512
803,12.74709380807326,4780
804,-612.9431412145495,4764
805,-406.9348444393836,4521
806,-20.977694136849095,4759
807,128.6034072750699,4526
808,-164.68463040346978,5877
809,34.75191819707834,4753
810,-929.3367604315281,4525
811,-584.1391692236066,4772
812,-1113.199418976903,4512
813,-583.5136571153998,4766
814,8.682376693206379,4782
815,-553.2246478786692,4798
816,-601.4355322625488,4834
817,-459.67609174281824,4803
818,-10.984851583604723,4809
819,-608.1466597095132,4827
820,-698.0413849130273,4818
821,150.29732936064102,4514
822,-520.586303554941,4775
823,-624.4578891023993,4787
824,-332.3978307291254,4518
825,125.25467723739348,4522
826,135.36739514266083,4519
827,-694.322559453547,4734
828,-556.0208119992167,4704
829,-439.1446033389075,4699
830,189.76541584703682,4515
831,-403.6111409040168,4498
832,-402.4006776700844,4500
833,-15.67452521352243,4822
834,-1360.8985790461302,4497
835,-745.9636349231005,4495
836,-1343.554445579648,4500
837,-1169.6741789728403,4504
838,-741.0919811055064,4859
839,74.2681222272513,4858
840,22.7589271963152,4810
841,127.29660143637011,4508
842,-479.549586965295,4804
843,-409.03540108035304,4508
844,-25.815237854680163,4816
845,-1871.2461596652865,5839
846,-1456.3463760912418,4862
847,-138.04563524686193,4890
848,-100.43458799441578,4489
849,-58.75560465349372,4880
850,157.38346407113022,4494
851,-1420.3293538689613,4852
852,200.0487028193511,4508
853,-555.0594236399047,4815
854,-1460.6841250061989,4826
855,289.5367056113337,4515
856,-655.2120312564075,4840
857,-617.5677910558879,4850
858,-1097.1019597947598,4500
859,125.49495017484765,4505
860,-697.019743964076,4505
861,30.68954063380079,4889
862,-107.21024144174498,4907
863,203.37395091821236,4517
864,-635.2152196727693,4831
865,139.5214616193116,4789
866,-584.3911133315414,4769
867,386.30977932340465,5859
868,-667.3176150843501,4774
869,-600.9368973076344,4496
870,222.85073292239758,4498
871,-454.39906054979656,4500
872,-444.7376718443338,4503
873,-627.5976672795077,5837
874,-56.09730976398248,4862
875,129.54804872185014,4496
876,-632.2550323717296,4849
877,-406.50738805462606,4497
878,-820.2248434871435,4871
879,-1560.0739436745644,4849
880,-1166.8873278200626,4484
881,122.92057721695869,4488
882,212.1214648935602,4850
883,-618.2418239396065,4846
884,-126.85541384766475,4824
885,-1576.2276920080185,4881
886,-767.6498650535941,4491
887,-407.6320185049699,4495
888,-12.942872917237764,4881
889,-1517.136003419757,4925
890,-1558.9247258752584,4979
891,-1307.3815298378468,5019
892,-704.7813330292702,5080
893,-686.3392241392285,5031
894,-138.09224314638777,5030
895,-1609.778291195631,5054
896,-415.586494160234,4475
897,-726.1103408448398,5030
898,30.991986263530634,4475
899,-1375.9829650074244,4934
900,201.15598623285769,4479
901,-724.2972759231925,4909
902,-101.99689353909343,4885
903,-1311.4447630643845,4481
904,-179.17763449225458,4808
905,122.28410121590787,4500
906,-1262.2352715581656,4793
907,-1212.5485258698463,4487
908,-1263.4035117924213,4815
909,131.1328100144715,4492
910,-862.6471495181322,4774
911,-642.6158137246966,4777
912,-1342.619345933199,4782
913,-612.8678802400827,4822
914,-696.4917127713561,4821
915,-830.1769113093615,4817
916,-435.4031054121442,4490
917,-856.806092193583,5796
918,-20.959401251435338,4814
919,-602.8522733747959,4819
920,-620.8084954563528,4823
921,-717.5463103353977,4812
922,-1527.5607052892447,4806
923,-1335.3051825016737,4833
924,-610.6904221139848,4782
925,-918.4644003675785,5798
926,-393.0801146472513,4735
927,16.38910744988425,4743
928,-858.020038016839,5787
929,-119.02443295804551,4733
930,-1441.6380308419466,4718
931,-35.32889071146565,4783
932,-629.0513431206346,4780
933,-577.5766520351171,4747
934,-613.2704889141023,4727
935,-255.00127701865858,4727
936,-1247.9823402613401,4761
937,-1737.5021097287536,5820
938,-1440.6478881835938,4681
939,-671.612853333354,4688
940,-1328.5542277991772,4508
941,-1363.3618852198124,4717
942,-1382.709086984396,4827
943,157.95546582667157,5822
944,-1129.4001344144344,4497
945,-295.5406974238433,4841
946,-1073.1139386296272,4489
947,-631.7473078146577,4790
948,-1171.3003999996,5796
949,-658.6029405333102,4834
950,-918.8010217547417,4484
951,11.282921183346843,4785
952,-21.732688621088528,4811
953,-1451.2759986370802,4843
954,-588.1281009819359,4784
955,-637.6573217995465,4812
956,-60.75392657618795,4806
957,-1260.709972125489,5808
958,-343.0070670942687,4492
959,-407.53787769009614,4488
960,-16.655315549403895,4764
961,-103.78082734632426,4707
962,-560.1025902107358,4664
963,-196.56649400433525,4506
964,-1307.4431816488504,4504
965,-1113.4906300157309,4505
966,-416.4129185644033,4501
967,-1639.371570020914,5814
968,-945.8418620675802,4497
969,-11.251448590288419,4770
970,-763.7513116523623,4808
971,-1319.485281765461,4494
972,202.76978229332235,4497
973,-4.820782984368634,4685
974,-413.49948613357265,4503
975,-1136.6170941740274,4680
976,57.0369303629559,4653
977,-1047.5190558582544,4642
978,-283.2332905535877,4671
979,77.02386532189848,4521
980,-404.474622363301,4519
981,-1457.4224190115929,4581
982,139.1584081476194,4520
983,210.56209953265898,4520
984,-161.61133271537255,4518
985,-586.2218184992671,4521
986,-1315.5791904479265,4565
987,-1125.7495825737715,4522
988,-1339.9048998057842,4526
989,-1197.1669189035892,4572
990,171.25905103058176,4530
991,-1239.8474836796522,4534
992,-9.844352666815212,4546
993,-1145.304418877,5855
994,-22.91007099271519,4548
995,-754.0508912950754,4526
996,-272.0405600267113,4497
997,-1132.6686752736568,4542
998,256.15850848642185,4533
999,-1275.1005698889494,4536
1000,-1318.13424064219,4535
1001,-442.14966559740424,4537
1002,-7.439500735355978,4515
1003,-411.5338424036745,4534
1004,-511.07986612804234,4517
1005,-20.601778824595385,4513
1006,306.81458673413545,4507
1007,-865.1329343516845,5829
1008,-999.7819077372551,4499
1009,59.93162419088458,4511
1010,-1400.7931298315525,4520
1011,-409.8992685856065,4538
1012,210.09208026735178,4543
1013,56.07416170572105,5846
1014,-1248.6231675297022,4494
1015,-498.42224766872823,4513
1016,-871.6863477584702,5851
1017,-697.6210495904088,4493
1018,214.46978023511474,4535
1019,-1166.5965393334627,4499
1020,-150.2884047527332,4532
1021,452.98164966583863,4529
1022,121.3994088149143,4542
1023,272.75699234028843,4543
1024,-965.6863419115543,4542
1025,-493.0966964457184,4469
1026,-1370.3134184479713,4471
1027,-1138.4120279550552,4478
1028,-1225.6424270421267,4487
1029,-233.61579230922507,4494
1030,-562.1131029389799,4531
1031,-1435.5000006854534,4517
1032,-508.1132792904973,4535
1033,-127.32233451485808,4535
1034,-409.94949036370963,4532
1035,-1404.6873761117458,4504
1036,307.5148935690013,4539
1037,186.81846044471263,4544
1038,-1344.6862967461348,4538
1039,62.16189882030085,4534
1040,-1260.8994730859995,4553
1041,-722.7320436090231,4554
1042,93.15220135074196,4522
1043,-1309.2849019765854,4537
1044,86.5460781754573,4544
1045,-895.6655264645815,4535
1046,-1385.0213329344988,4558
1047,284.2689368004503,4527
1048,-522.1259243357927,4571
1049,-1219.892639696598,4558
1050,-906.0446781084174,5844
1051,-1461.081057086587,4576
1052,-1361.5412613898516,4529
1053,280.5791971803228,4531
1054,78.37982387999728,4570
1055,-1172.0397484600544,4529
1056,-813.2043658266484,5832
1057,72.09410941524402,4562
1058,-1355.090863764286,4529
1059,-180.3394367682631,4529
1060,388.64073707377975,4527
1061,-411.165994495881,4526
1062,225.70569520991376,4545
1063,-1263.3976555019617,4533
1064,-409.545014573494,4530
1065,178.10911445044985,4528
1066,-1237.357107937336,4521
1067,-809.9066229760647,4497
1068,-150.69096830637795,4513
1069,-1122.6444603204727,4526
1070,-404.06017830665223,4529
1071,-453.4769062738633,4532
1072,-1226.2983411848545,4461
1073,-21.801665705031155,4463
1074,143.45514137989812,4473
1075,-1671.843799956143,5817
1076,-642.1176360994577,4528
1077,-938.5502542555332,4504
1078,-274.3788166710583,4507
1079,-1254.5531677305698,4484
1080,-995.9449996203184,4472
1081,-25.111983601935208,4470
1082,-319.4470596910105,4520
1083,-540.1026613377035,4520
1084,-753.7266380604124,5807
1085,-550.9580183252692,4522
1086,-1246.156460851431,4522
1087,132.44680961613813,4518
1088,-1210.8843797594309,4480
1089,-1419.6596848219633,4486
1090,-1062.1040021330118,4524
1091,-486.060948850587,4528
1092,-1208.8167955428362,4522
1093,-602.4116500616074,4484
1094,-1101.091488674283,4477
1095,-626.010951153934,4481
1096,324.12465085633676,4528
1097,-497.9188449848443,4467
1098,-1611.4334434643388,5804
1099,-1810.4104720205069,5804
1100,-1273.7653118669987,4516
1101,266.7862454136921,4506
1102,-981.4516679048538,4510
1103,41.77689823842957,4567
1104,-1103.5682349205017,4568
1105,-1197.9696518033743,4557
1106,144.9739491995715,4557
1107,-418.45499520445446,4508
1108,-548.6614823080599,4541
1109,-229.76120040312526,4548
1110,168.18045131389954,4569
1111,-633.3464857935905,4559
1112,-1239.675022944808,4590
1113,-1089.1581518054008,4545
1114,-443.6036105422536,4509
1115,-1170.511256441474,4513
1116,-1059.699450492859,4541
1117,-514.7695374954492,4524
1118,-528.1680324077606,4533
1119,-880.9272431542631,5799
1120,-406.4813546043879,4509
1121,-1832.3834910541773,5792
1122,225.88395051521366,4508
1123,32.47246356641699,4540
1124,201.5598513923769,4497
1125,128.14869578167782,4495
1126,-1124.9756147414446,4500
1127,-575.7236054651439,4601
1128,-1073.3667637854815,4503
1129,-537.6043383348733,4583
1130,-362.2422979591647,4505
1131,187.10250398740584,4508
1132,-565.8448584079742,4550
1133,242.8159093236609,4511
1134,-1031.4864796847105,4512
1135,119.02500438885909,4512
1136,-949.6435979902744,4512
1137,-533.6368691604584,4512
1138,-858.0284744501114,4508
1139,-978.6317019313574,4572
1140,-1297.1643385738134,4590
1141,145.62629781474539,4502
1142,-542.9855806007981,4510
1143,-1366.0341480225325,4504
1144,-78.32628748816205,4603
1145,-1363.4819498956203,4569
1146,-1157.7667824327946,4507
1147,-669.3144489973783,4592
1148,46.56519412159105,4617
1149,-1452.204590395093,4627
1150,-1451.9097786396742,4623
1151,4.40529723642976,4623
1152,-490.5674152271822,4497
1153,-404.37529264285695,4498
1154,-1072.9209157079458,4501
1155,-443.34953691228293,4501
1156,-944.0173792392015,4628
1157,-912.7520616054535,4499
1158,-1375.5057772397995,4626
1159,121.5566343181672,4503
1160,-432.30088331067964,4500
1161,-1050.398365191315,5797
1162,-596.3632626384497,4591
1163,115.00481703582045,4507
1164,-1285.6795920282602,4506
1165,-413.47446851653876,4506
1166,-1618.1948914080858,5804
1167,-1697.8430727347732,5813
1168,-570.7756688259542,4511
1169,-528.309941727668,4585
1170,-216.6159845913644,4590
1171,-528.3326175399125,4583
1172,-720.1866704970598,4593
1173,-567.0460157468915,4584
1174,-1860.1557420566678,5809
1175,-398.73280401236843,4512
1176,118.59295347091393,4516
1177,276.0256227505379,4514
1178,-490.6717416411266,4509
1179,-437.90758175065275,4570
1180,65.12774960028764,4560
1181,-535.3123532701284,4574
1182,54.62964216383989,4510
1183,-847.6610283702612,4514
1184,-762.0229098945856,4557
1185,-1145.0699094086885,4509
1186,255.03173795182556,4504
1187,119.13613055430324,4505
1188,-1038.7331928908825,4571
1189,-452.5378504138207,4608
1190,-430.49896425317274,4502
1191,246.7377563414302,4592
1192,-617.9695408269763,4617
1193,-457.1667792596272,4506
1194,-66.54325102697476,4501
1195,-1365.9973721393117,5795
1196,-449.8001110092446,4499
1197,-538.066377479583,4622
1198,287.17264613730185,5794
1199,-429.82015977450646,4499
1200,276.016636322016,4496
1201,-43.26846568728797,4649
1202,-1487.6629805713892,4656
1203,-1386.6631884425879,4636
1204,182.9171967158145,4498
1205,-876.3765698671341,4498
1206,-87.73443021689309,4499
1207,189.19853964812137,4645
1208,-201.6937905151526,4636
1209,71.23769563016322,4680
1210,52.82700320988806,4645
1211,-998.5792038440704,4642
1212,186.53266467557114,4505
1213,-484.65320916101336,4660
1214,288.3568322410574,4499
1215,-685.7992025539279,4639
1216,21.633456676150672,4682
1217,-25.94615223404253,4660
1218,263.055844570772,4694
1219,-918.4947226792574,4700
1220,127.9163909359122,4498
1221,42.07827053465007,4682
1222,93.21608796686542,4689
1223,-264.24522236042685,4690
1224,-1303.9505005031824,4497
1225,-800.4929172471166,4676
1226,-557.5085704140365,4686
1227,-1404.6955569833517,4679
1228,-712.4061956778169,4686
1229,-605.2129931002855,4706
1230,-491.6835272870958,4681
1231,-1480.0214283317327,4671
1232,-546.814135119319,4661
1233,6.060687387907819,4663
1234,-648.0607666000724,4672
1235,-351.6778166319709,4683
1236,-9.911615070159314,4735
1237,-926.4937660408905,5825
1238,-649.6145473793149,4705
1239,-1250.9852908104658,4511
1240,-642.8347351700068,4664
1241,-499.1572309914045,4681
1242,-888.9972305595875,4498
1243,-621.0145428143442,4506
1244,207.6861626153459,4505
1245,-193.7587234035891,4679
1246,123.21355471508286,4509
1247,-339.28246248711366,4638
1248,-590.0322524942458,4512
1249,-450.51313519002724,4508
1250,-79.39401715005806,4675
1251,-910.212612375617,4507
1252,221.07416874583578,4512
1253,-415.07545222278713,4514
1254,49.37574362795567,4514
1255,-575.5968659557402,4614
1256,-1324.8358280807734,4520
1257,-622.7257155105472,4590
1258,-442.3707070744713,4515
1259,177.45144174200686,4517
1260,-1599.4540498033166,5821
1261,-524.6284438055009,4552
1262,-482.1454638270661,4519
1263,441.31430924752203,4516
1264,-1146.3527266830206,4571
1265,-404.4038436728297,4513
1266,-1889.242096669972,5813
1267,-1209.921100229025,4580
1268,-533.130338780582,4601
1269,-1467.6553424596786,4607
1270,-433.03289987758035,4519
1271,-1895.7544499784708,5826
1272,165.60616438542354,4518
1273,-647.8882444873452,4521
1274,45.80524097898615,4549
1275,128.4853238124706,4519
1276,-1068.747415304184,4523
1277,-978.660811021924,4523
1278,-1367.3479110896587,4520
1279,-413.94582196631745,4525
1280,-522.3926748968661,4528
1281,-1353.8907460570335,4521
1282,-799.0128310993314,4523
1283,-862.7895236760378,4521
1284,-549.8573321141303,4524
1285,-1696.9916294813156,5824
1286,-954.303945183754,4503
1287,-765.6322877332568,4515
1288,128.42214467805024,4528
1289,-307.65672542492393,4533
1290,-618.0982558131218,4532
1291,-441.20495116047096,4534
1292,-869.1541881584635,5835
1293,-450.8136484467832,4530
1294,28.77871236419378,5837
1295,-907.4951473217225,5842
1296,122.09438281159964,4533
1297,430.5426922881961,4536
1298,54.6169381080872,4537
1299,170.25209515208235,4541
1300,-934.2413666248322,4543
1301,127.0947749204206,4542
1302,-865.562267732239,5850
1303,328.6672635344694,4540
1304,-1408.7322036623955,4493
1305,-1319.4936865121126,4540
1306,-1872.0135388076305,5850
1307,-996.6868926435709,4544
1308,457.15158634926775,4542
1309,-416.35642365720196,4540
1310,401.2465617319576,4538
1311,-749.03810659796,4541
1312,-303.5065734877717,4483
1313,82.04067666526043,4473
1314,-1124.65248721838,4543
1315,-398.72904697953345,4541
1316,-859.0189557763515,5850
1317,-1005.5413946331082,5855
1318,-1079.4902007877827,4541
1319,-1404.4142593890429,4474
1320,-442.63470100355335,4545
1321,-508.6214715084061,4546
1322,-1080.6112311184406,4548
1323,-1390.6673986464739,4443
1324,-411.9104788079276,4551
1325,125.68573758058847,4548
1326,413.3471317347721,4542
1327,-1101.05951744318,4479
1328,-533.2926094606519,4469
1329,-1381.6938318759203,4479
1330,-108.20421155646909,4543
1331,-982.6395793557167,4544
1332,-1366.2634005993605,4543
1333,-1328.0933503061533,4547
1334,-17.0360597142153,5857
1335,-486.1984606292099,4470
1336,-857.3825496137142,4543
1337,-119.0676767983241,4542
1338,-545.2663060519844,4545
1339,-404.2341198742506,4544
1340,132.5930412685484,4493
1341,-410.50960055505857,4544
1342,-507.6848752014339,4503
1343,-1411.905413851142,4514
1344,25.85806300632248,4488
1345,74.43005435563828,4487
1346,-493.59413679875433,4490
1347,202.0111158825457,4543
1348,240.20165921266744,4481
1349,-303.3861359120119,4536
1350,-856.1781296927365,5847
1351,145.80712443901666,4535
1352,347.91724248098035,4534
1353,-411.1878167949144,4533
1354,-407.77447758812923,4535
1355,-1182.0818642824888,4536
1356,-402.0854862687993,4536
1357,196.34905497646105,4541
1358,-1352.5560804456472,4541
1359,-824.4580762460828,4547
1360,-520.5916383042932,4542
1361,128.0389524521961,4548
1362,-406.03847272634266,4547
1363,-508.62029239721596,4479
1364,-403.87942776047566,4553
1365,210.8527407094989,4554
1366,171.4279772677928,4554
1367,-891.3164461404085,4558
1368,-734.2671877369285,4554
1369,-425.65016306354664,4558
1370,-1120.565754905343,4560
1371,-1047.3768970519304,4559
1372,228.28509766290153,4557
1373,-1078.6161947399378,4559
1374,125.75216886320413,4559
1375,126.12495795191353,4557
1376,-519.5892787538469,4468
1377,-802.4885810911655,4478
1378,146.41063264921104,4552
1379,-1129.007264316082,4554
1380,-174.70146336416656,4556
1381,-426.2220542547293,4558
1382,-398.18984628329054,4555
1383,-404.320430140011,4554
1384,-407.72697597020306,4553
1385,-1744.1139642894268,5871
1386,136.3984540967267,4547
1387,128.56838378297834,4548
1388,127.78925184051332,4550
1389,213.3018826366242,4552
1390,127.83302648557947,4551
1391,-1101.5896536260843,4554
1392,-1200.055008172989,4550
1393,174.11481649862617,4552
1394,-410.3188999813283,4553
1395,44.55386780621211,4556
1396,37.77412279073906,4554
1397,-379.20711439479203,4501
1398,-442.1631907762239,4554
1399,-1179.3458820730448,4555
1400,-616.2778139300644,4555
1401,-256.8866858417168,4553
1402,-1260.9218643009663,4556
1403,-976.0890743881464,4558
1404,-671.2101606577635,4477
1405,-723.0616224557161,4550
1406,-927.0119646936655,4488
1407,336.7926172626903,4489
1408,-519.0761705040932,4493
1409,317.0835462921932,4552
1410,-1352.3880219757557,4494
1411,-727.9763164967299,4549
1412,-432.2676191961509,4551
1413,204.33820398978423,4550
1414,-947.7211603075266,4552
1415,-580.3408740311861,4549
1416,-1360.9306189119816,4474
1417,115.03331142264142,4551
1418,-1268.2844298630953,4552
1419,35.27973740879679,4552
1420,-1364.5427865236998,4548
1421,201.86504723115468,4549
1422,-1280.009613469243,4550
1423,-568.0219725370407,4472
1424,-1075.4343577325344,4548
1425,-534.6915169917047,4552
1426,-1315.5135894715786,4553
1427,-1355.8561502844095,4554
1428,189.16588168658927,4552
1429,224.3405830362026,4548
1430,-1319.1517135351896,4547
1431,178.17102418549257,4547
1432,-1142.0013643801212,4545
1433,156.72804701819587,4547
1434,83.22378983727685,4471
1435,102.22695501852286,4468
1436,-1337.4284782409668,4549
1437,-454.6389477433404,4548
1438,-455.17293359176256,4548
1439,274.6625826737727,4484
1440,-107.50633250019746,4548
1441,-443.62233321450185,4548
1442,-418.1604034002157,4550
1443,128.2061372801054,4552
1444,-648.6579840630293,4557
1445,124.61447517612442,4556
1446,-409.5525026039686,4556
1447,-436.2310684253389,4554
1448,96.93625289716874,4446
1449,104.0852217464053,4451
1450,84.15983942469757,4456
1451,201.39166243260843,4552
1452,-1364.9680807441473,4453
1453,-450.0782426178739,4550
1454,-399.47961554751964,4549
1455,217.61828579393114,4549
1456,-430.92677984337206,4545
1457,125.71784586471404,4545
1458,-406.14673579687224,4545
1459,353.16769364896754,4544
1460,123.86302003152014,4546
1461,-806.7585835829377,4546
1462,-1212.9271435290575,4550
1463,-680.0760937482119,4553
1464,133.71232904067688,4553
1465,82.8048516091003,4463
1466,50.905699188320796,4462
1467,-697.1560274884105,4547
1468,-410.0612785340927,4544
1469,-395.6236355699184,4543
1470,-1201.4443359971046,4545
1471,-397.7606256284598,4542
1472,-979.6934312559897,5849
1473,-403.7566693017725,4537
1474,196.17176419903262,4536
1475,121.88012758564582,4539
1476,-293.8722246862865,4539
1477,-677.4767602533102,4542
1478,411.0244865598106,4542
1479,-16.14700922695556,4541
1480,-301.88051632849965,4505
1481,-432.0227088085376,4539
1482,-1197.0611720830202,4525
1483,-437.42371865661335,4538
1484,79.69277726769724,4505
1485,-504.40588855557144,4507
1486,366.0480006363141,4541
1487,-1386.5823411792517,4505
1488,-1257.8355443626642,4545
1489,-306.86265482212184,4495
1490,-502.3178434073925,4488
1491,124.75119283481035,4546
1492,152.18509518285646,4544
1493,-241.06971972770782,4543
1494,282.3656042295406,4539
1495,166.2314451756538,4539
1496,180.45944586135738,4541
1497,163.682419946952,4514
1498,172.47216936195764,4534
1499,50.71469237023848,4520
1500,-1019.9495236426592,4537
1501,-880.1473454087973,4536
1502,-396.78505667995705,4534
1503,-540.5894699916244,4538
1504,182.0910954541323,4536
1505,332.48465980585024,4525
1506,-399.1442640044261,4537
1507,-365.7190840357798,4524
1508,-742.5948057025671,4537
1509,53.32221610808483,4530
1510,-1335.4653177261353,4538
1511,-1253.834034562111,4537
1512,-1177.5599700510502,4535
1513,-1211.903430864215,4536
1514,-1364.533307120204,4536
1515,-405.60875903393116,4539
1516,-405.07192763854164,4540
1517,-1353.6306770443916,4542
1518,-400.30366461514495,4536
1519,218.85687583970866,4536
1520,-1275.2383139282465,4550
1521,-731.0913883000612,4534
1522,-1326.6459068357944,4532
1523,-40.613242819068546,4540
1524,187.0272264951127,4534
1525,-393.33702508494025,4548
1526,-600.6474103368819,4532
1527,185.36928715852173,4532
1528,-1157.0839960426092,4535
1529,125.21560437298649,4532
1530,-184.4505829209138,4573
1531,-456.2471245325869,4533
1532,-1287.5329773575068,4532
1533,52.491681834964766,4561
1534,263.97947678638593,4530
1535,-1289.1686585992575,4567
1536,410.477318046891,4530
1537,-562.8374863993376,4529
1538,121.8355532608839,4528
1539,-408.0138013922842,4527
1540,-457.27453191485256,4529
1541,-522.3519668076187,4579
1542,52.556160768863265,4570
1543,-515.212698707357,4568
1544,-1173.976446300745,4531
1545,-1178.9679583609104,4533
1546,-446.6049915533513,4546
1547,-663.3168891593814,4546
1548,-436.25116354599595,4532
1549,-455.18150806114954,4532
1550,224.77199922310137,4532
1551,155.43259927249164,4535
1552,-978.6781384944916,4534
1553,242.07394052028894,4536
1554,-1207.3373688012362,4538
1555,-1238.696297377348,4531
1556,-401.86560985661345,4539
1557,210.4347439394969,4541
1558,-1071.2045131325722,4541
1559,212.56047471383135,4542
1560,414.5421942996618,4543
1561,310.76884300824895,4544
1562,-1177.2343108206987,4544
1563,107.47625390743997,4546
1564,-165.54066007432994,4546
1565,-1325.9021543860435,4545
1566,158.0119901281323,4545
1567,125.90582833893313,4544
1568,215.59859539959507,4545
1569,-101.89919126516907,4545
1570,-1156.9581757485867,4546
1571,124.87031974327692,4544
1572,-966.8593995422125,4545
1573,-1335.1497963815928,4544
1574,-1079.191790163517,4544
1575,313.2193285766407,4543
1576,-463.9697863070687,4546
1577,-1312.9930805116892,4548
1578,-471.6936764168786,4548
1579,-331.92624661989976,4546
1580,-849.9860960841179,4546
1581,-442.5436595987685,4544
1582,-556.4772749114782,4542
1583,-1327.3272863775492,4540
1584,-1016.3079679310322,4539
1585,-889.9334593266249,4539
1586,-498.7832204196602,4525
1587,238.46373823525937,4530
1588,-1335.3410843908787,4536
1589,77.22823167769639,4525
1590,-412.3319206930464,4538
1591,229.7913710795292,4536
1592,-563.6400953680277,4527
1593,140.3569822635618,4536
1594,177.65680092254843,4536
1595,-765.0571247115731,4536
1596,-282.89721019273566,4534
1597,-280.40219771896955,4534
1598,-571.5058500692248,4532
1599,-981.3519916385412,4511
1600,229.96070640857943,4533
1601,-300.06688941136235,4533
1602,-1078.5800642371178,4532
1603,-859.8769412487745,4531
1604,72.4717185985628,4509
1605,-1072.6586538553238,4530
1606,-752.6411096304655,4532
1607,124.64028792236422,4530
1608,206.98049188900222,4527
1609,-1363.8595236241817,4529
1610,-397.38334267733444,4531
1611,-443.0490054464899,4532
1612,-430.2321217933204,4532
1613,-529.3176277130842,4533
1614,160.45735399862315,4533
1615,-542.131660785526,4505
1616,-583.5659221000969,4535
1617,208.67278448563593,4534
1618,-1194.9988626390696,4534
1619,-399.1655685119331,4536
1620,-1342.1879576593637,4537
1621,-442.60344435821753,4536
1622,-442.6198895594571,4538
1623,-414.15712895050456,4541
1624,-1266.0644613355398,4540
1625,208.9145248435343,4537
1626,426.6722432955903,4537
1627,-316.3013127243612,4538
1628,-431.33053651079535,4540
1629,-1079.767538830638,4541
1630,-506.10820888355374,4496
1631,-411.2423024912132,4541
1632,-370.8442797457683,4541
1633,215.18054811395268,4539
1634,123.34619756798293,4539
1635,-1237.7490426003933,4542
1636,-569.6080107204616,4538
1637,-410.2140777385721,4538
1638,126.47203567550605,4536
1639,-760.9916888251901,4537
1640,15.050581242059707,4534
1641,-274.66055451358625,4535
1642,147.5955365288355,4534
1643,-1067.7695306688547,4537
1644,-553.9639311097562,4538
1645,-1269.2419478148222,4538
1646,-1106.1285989880562,4540
1647,-1180.7814483493567,4540
1648,-1227.1979741752148,4540
1649,-1166.8988038301468,4479
1650,-1364.9507868289948,4540
1651,165.8093716691801,4539
1652,-1255.8439637869596,4539
1653,122.88983440671655,4538
1654,-482.04863199964166,4538
1655,-367.8347873375751,4537
1656,-306.52072385953215,4537
1657,-407.20800223958213,4535
1658,-1132.5316967368126,4534
1659,125.08339668444842,4535
1660,100.43835489808407,4536
1661,43.196312317318075,4489
1662,-429.69089297321625,4536
1663,-408.3999605317913,4536
1664,-142.0561701604165,4537
1665,-87.20961285204976,4536
1666,-983.0413869172335,4535
1667,-491.05551722459495,4478
1668,32.85498836985789,4539
1669,76.62411876017995,4469
1670,-404.5194524367689,4538
1671,-1060.6681366562843,4475
1672,196.16125079946505,4538
1673,-510.6758210994303,4479
1674,-523.939110763371,4536
1675,-1018.5879443734884,4535
1676,-501.6240272410214,4496
1677,-1387.1158272773027,4507
1678,-410.2747856513597,4529
1679,-1060.0451167672873,4529
1680,-968.7060992866755,4529
1681,57.01563454371717,4529
1682,-1427.5497397780418,4503
1683,-451.59771035885115,4524
1684,200.41367086697937,4522
1685,-1054.2360668033361,4523
1686,-494.56701699551195,4523
1687,-554.2534234896302,4520
1688,-1360.6420839875937,4524
1689,443.8034075823207,4524
1690,-635.2065129503608,4513
1691,141.49369123516954,4523
1692,-1344.7626895308495,4523
1693,153.0278365057311,4524
1694,-529.4621098004282,4525
1695,-499.5645876871422,4522
1696,-1350.813607007265,4524
1697,-1313.796630129218,4525
1698,-360.14153982012067,4524
1699,132.50365460789908,4525
1700,-585.0775900371373,4527
1701,-912.2049527317286,4527
1702,-535.1160160191357,4526
1703,122.4656725457171,4526
1704,-440.67974062782014,4525
1705,263.6316186301483,4525
1706,156.4516877773749,4527
1707,-101.84096447950651,4526
1708,-1057.8363906294107,4526
1709,127.9671585725082,4526
1710,-782.7983774319291,4526
1711,208.18346889539498,4529
1712,-1222.7867914140224,4524
1713,-794.1136668771505,4529
1714,-1075.0629121810198,4528
1715,121.92974470629997,4528
1716,-1318.7249772399664,4530
1717,127.72641284055135,4528
1718,-1309.2335385233164,4528
1719,79.80341751233937,4531
1720,322.9239268079764,4528
1721,140.36455802999626,4526
1722,258.33611230446695,4525
1723,120.42383431794258,4525
1724,-1181.4198258966208,4526
1725,-899.928746804595,4528
1726,-550.114585455507,4526
1727,-25.964478781730577,4523
1728,91.79119528462434,4527
1729,158.9286632664972,4525
1730,-1036.5497153252363,4525
1731,-1355.3817157298326,4527
1732,-569.1552494391799,4528
1733,-502.828342593275,4518
1734,65.05382262880448,4520
1735,-968.0330543667078,4525
1736,-373.88244458323607,4527
1737,-1302.3269771635532,4524
1738,-1329.2125092744827,4523
1739,453.0523120713101,4522
1740,-1332.8574499487877,4523
1741,-1167.835338741541,4521
1742,179.54414950305545,4518
1743,-920.6406399554107,5820
1744,-395.9158346008189,4519
1745,-435.49155152126696,4520
1746,-931.6096466332674,4519
1747,-1281.9964876323938,4520
1748,-442.7070391374873,4519
1749,-1722.9146114960313,5819
1750,152.56921198371856,4519
1751,272.15925804311337,4519
1752,-654.0255650132895,4521
1753,-494.6389216929674,4520
1754,-885.2244479507208,4518
1755,-398.80244188109646,4519
1756,255.6267514905694,4516
1757,-508.81257953867316,4536
1758,-445.75641923828516,4516
1759,108.91641838037867,4515
1760,44.21385707683294,4532
1761,-1066.2503191679716,4516
1762,-665.6450681239367,4516
1763,-10.779715190001298,5811
1764,-1330.7227821052074,4517
1765,207.47711420571977,4518
1766,-1288.2175276726484,4531
1767,-721.9747829586267,4516
1768,-14.916046964402994,5812
1769,-596.2608527094126,4518
1770,-957.4754113852978,4516
1771,-1283.5574095845222,4520
1772,-509.4108356721699,4512
1773,-552.9434349946678,4518
1774,-448.5862451372959,4517
1775,90.24629430403547,4516
1776,-1120.3076803088188,4516
1777,-420.90228501132424,4516
1778,-194.1093621918153,4510
1779,-1349.656632706523,4517
1780,50.581683219221304,4513
1781,-427.9249156390433,4516
1782,-557.7984074130654,4519
1783,-848.109627014026,5810
1784,-18.922459058820095,4517
1785,-398.4740548089612,4517
1786,3.415795907316351,4518
1787,-258.07696056542045,4518
1788,-453.41729242389556,4518
1789,-412.98756341952685,4519
1790,225.6832573710817,4519
1791,153.74830463091348,4519
1792,-764.8835612758994,4519
1793,-441.28607295441907,4518
1794,-396.5278843353735,4524
1795,-446.83259012662165,4517
1796,-834.3741642293753,5816
1797,-1272.3980163633823,4518
1798,-429.44315726624336,4520
1799,-513.6875254381448,4523
1800,208.47289359280694,4518
1801,-1244.3119450211525,4518
1802,-910.785561144352,4518
1803,-581.2504898831248,4518
1804,-542.158683706075,4524
1805,-513.1094888709486,4524
1806,-522.7454360127449,4520
1807,76.82208916867057,4518
1808,-1200.9551083147526,4517
1809,-1344.7117074131966,4514
1810,-1181.2771144509315,4531
1811,-1273.964498654008,4541
1812,-532.69588400051,4543
1813,-1305.1897902935743,4511
1814,-1375.9382710307837,4552
1815,-521.2431946974248,4551
1816,-1020.5028523355722,4512
1817,-611.3592875227332,4556
1818,115.39060073010478,4557
1819,80.96861712470854,4510
1820,42.02138888522677,4557
1821,-1820.6602732688189,5801
1822,-1382.9772666543722,4562
1823,124.84963544266793,4507
1824,-1450.4271132200956,4569
1825,-520.3735401295125,4574
1826,-430.1053291672142,4507
1827,-1161.1010286211967,4579
1828,-759.916272290051,4504
1829,-648.0937518402934,4502
1830,-1464.1703841537237,4589
1831,-51.384575748114,4592
1832,-399.9613069819752,4501
1833,-414.8500491125742,4580
1834,-529.1974102333188,4582
1835,112.7045467864591,4583
1836,-629.7849932089448,4576
1837,-631.2921223863959,4577
1838,-571.800504680723,4586
1839,-1266.0916809737682,4573
1840,-2.890055475221743,4576
1841,283.3368556681962,4579
1842,-794.999007165432,4568
1843,-1794.7422758638859,5802
1844,-411.33312237798236,4505
1845,-1575.7988616749644,5800
1846,-1347.8873549103737,4552
1847,-527.5192098580301,4506
1848,-1449.5754817128181,4555
1849,-584.2224010489881,4508
1850,-971.7302547097206,4559
1851,209.14519112918788,4508
1852,-870.736457842926,5805
1853,-1856.6864288300276,5803
1854,-1211.6588774770498,4506
1855,-868.2733521256289,5803
1856,36.328246686938655,4579
1857,-542.803506243974,4573
1858,-1867.3127845972776,5805
1859,-905.3396112769842,4508
1860,-783.749729000032,4576
1861,-1243.107292555971,5804
1862,-983.4670806378126,4507
1863,-78.84532423930068,4568
1864,-1365.0131813585758,4508
1865,49.00336005933423,4569
1866,-679.5655947230698,5806
1867,-1884.9755125045776,5804
1868,206.08424785222087,4510
1869,257.2670596819844,4511
1870,-1091.189726024866,4509
1871,-445.3716370315524,4510
1872,-1314.8651609271765,4555
1873,-291.71405236725695,4510
1874,-410.8848434134852,4511
1875,-889.9872861355543,4512
1876,102.38528914106428,5814
1877,198.93548564622688,4510
1878,-1698.970109604299,5802
1879,213.1141541276529,4511
1880,178.96344708982724,4511
1881,178.21654954676342,4510
1882,252.4750885254707,4510
1883,-1877.1159417629242,5807
1884,-733.9791687726974,4510
1885,-892.8678457438946,4510
1886,-410.57450257532764,4511
1887,50.28419673717326,4536
1888,-524.326236654073,4549
1889,-281.2646213420667,4511
1890,-404.886094866466,4512
1891,-1098.7488861382008,4541
1892,187.75270354034728,4515
1893,-505.45391386561096,4538
1894,124.40364443479848,4514
1895,-408.881426593558,4515
1896,-1132.3816775232553,4515
1897,-547.3349002338946,4539
1898,-837.064972653985,4516
1899,242.16056535485382,4516
1900,252.31388550750125,4516
1901,-1184.406774803996,4516
1902,194.7640932799386,4515
1903,-946.0629992038012,4546
1904,358.6929426795905,4512
1905,183.8278809383919,4515
1906,-354.099520567921,4544
1907,-538.7332808338106,4554
1908,246.1312511906949,4511
1909,-408.65168284991523,4510
1910,-0.3481147304237311,4556
1911,-520.1267646867782,4555
1912,-13.483537624542805,4551
1913,-414.18298647671327,4511
1914,-1334.6320859789848,4512
1915,-171.9020002150637,4511
1916,-960.9105808287859,4511
1917,-1171.0218111276627,4513
1918,169.05707895048545,4512
1919,-558.0337272323668,4549
1920,-524.8588444609195,4552
1921,-1182.2828501313925,4511
1922,-967.9869244830334,5806
1923,-1268.08932107687,4544
1924,141.20130249491194,5808
1925,-605.9266168028116,4544
1926,-432.8951170188957,4512
1927,-1308.0089956814772,5808
1928,-910.9248446822166,4512
1929,-454.9528482493479,4513
1930,-856.0767756107962,5816
1931,135.54730790839494,4514
1932,-1163.9043282419443,4513
1933,-800.4641419276595,4514
1934,57.03417084632929,4515
1935,-910.7666708528996,4553
1936,-1007.7218682318926,4553
1937,237.49373375704818,4515
1938,-1176.6110744029284,4545
1939,-903.8099177506274,5814
1940,218.70410253372756,4516
1941,-416.0812649754225,4515
1942,36.253407556284856,5814
1943,-1379.3590030775522,5808
1944,-409.3701847237535,4512
1945,-1723.0561939030886,5812
1946,-340.35357638890156,4511
1947,-858.3431815661024,5806
1948,-1866.5022853165865,5806
1949,-28.882670734565636,5806
1950,-1426.1364981681108,4549
1951,-88.88662584709527,5806
1952,-471.39632396865636,4512
1953,136.14840380202077,4517
1954,-1240.2075982689857,4553
1955,-1781.808809183538,5806
1956,-11.240804830000911,5805
1957,174.15525534006156,4512
1958,-117.95120983175002,5805
1959,-366.4430508117657,4511
1960,154.0381505858859,4511
1961,-9.47368186024869,5806
1962,-1882.8171555548906,5810
1963,-237.2648570346064,5809
1964,-876.8884635940194,5811
1965,-1390.9725338667631,4532
1966,-911.726165219151,5812
1967,-65.16338860465657,5813
1968,11.396755077712442,5813
1969,-707.9994631782174,4518
1970,-1215.9305469507235,5812
1971,-510.56385895609856,4527
1972,218.83823329671213,4517
1973,-45.35332404681071,4516
1974,-854.1338680146146,5818
1975,-827.8309266120195,4515
1976,-992.1251918673515,4515
1977,211.29521998663768,4514
1978,-912.712485447526,4534
1979,-1848.8022595867515,5808
1980,70.50382838248333,5810
1981,125.10264112005098,4516
1982,88.55276165947362,4529
1983,-324.4310499043204,4516
1984,-432.3022448788979,4516
1985,-1029.1249879151583,4517
1986,-635.499639339745,4532
1987,-1320.0631419867277,4518
1988,199.98457909852368,4517
1989,-1377.7855367530865,5814
1990,-1323.480084463954,4518
1991,388.8771054530953,4519
1992,-398.53969657304697,4519
1993,-1349.8483252376318,4519
1994,-512.6699675824493,4536
1995,125.04022300187171,4518
1996,-441.1561821789219,4519
1997,-1365.0028787255287,4533
1998,-1296.4835403710604,4539
1999,-451.6550771399343,4516
2000,-443.6194563638419,4515
2001,-1160.4807095378637,4516
2002,-1283.206011146307,4517
2003,278.19533107685857,4518
2004,-506.3046944104135,4533
2005,-1394.1137834191322,4535
2006,-1223.0437734127045,4516
2007,-1177.825451925397,4515
2008,-1352.7523745894432,4537
2009,-1075.5409268587828,4516
2010,-431.70375962162507,4516
2011,-435.1974953244171,4515
2012,62.07887476952601,5812
2013,-884.7909870296717,4514
2014,-1263.0169463604689,4515
2015,-890.6198085099459,4514
2016,-1340.8629323393106,4515
2017,-1310.2631041705608,4513
2018,-105.70027836679947,4513
2019,103.99898277575994,4512
2020,-420.88846041126817,4513
2021,-322.0662136979554,4510
2022,417.0256095977966,4511
2023,-550.1727415658534,4545
2024,-5.028544334563776,4552
2025,-1451.6544129699469,4554
2026,-692.0115739330649,4552
2027,-415.3778226019931,4508
2028,-402.7571523574006,4508
2029,-1344.877925813198,4510
2030,-1111.5366899371147,4509
2031,-387.7659689252032,4510
2032,-1086.2272104769945,4510
2033,-406.09311082347995,4509
2034,-1094.1347610801458,4509
2035,41.837244086731516,4553
2036,277.9012984502733,4509
2037,-1343.3234943151474,4508
2038,-473.86411551199853,4508
2039,48.155707035130035,4544
2040,-1015.1086740544997,5801
2041,-252.31178411946166,4509
2042,-915.7979720383883,4511
2043,142.2405402928598,4510
2044,-1133.5653045475483,4510
2045,-1358.7853566855192,4511
2046,-1289.907351076603,4512
2047,-1439.1718441694975,4529
2048,-433.3843172390989,4511
2049,-220.01011049486988,4512
2050,-1177.842057749629,4512
2051,-777.8736538365483,4511
2052,-1421.5907424241304,4525
2053,-156.26493261294672,4513
2054,-397.7969625605365,4514
2055,-1045.203354820609,4513
2056,-409.01377286488423,4515
2057,-434.80320441746153,4510
2058,-514.239672312513,4515
2059,-1341.984497770667,4515
2060,60.92400561039176,4501
2061,-1173.1138110607862,4506
2062,60.33930239566507,4508
2063,-306.17246222672475,4514
2064,253.47372624917625,4513
2065,-1079.478872641921,4513
2066,241.16742820121,4511
2067,-291.86171443905914,4512
2068,-1339.4454686790705,4514
2069,184.03017569571966,4513
2070,-1259.5334690213203,4514
2071,-878.2572586238384,4509
2072,267.7155877246587,4515
2073,-156.46784338491852,4515
2074,-1261.157964706421,4514
2075,-542.5535841137171,4518
2076,-1313.411342740059,4512
2077,-1228.779547482729,4512
2078,139.2470053307261,4511
2079,-13.0226677007131,4510
2080,224.48537556787414,4510
2081,173.7731253298407,4510
2082,-87.50759002336099,4511
2083,-1028.3799358010292,4511
2084,-450.816127660677,4511
2085,-678.4285647273064,4510
2086,124.57445060303507,4511
2087,-658.8432105779648,4511
2088,-1244.9922529906034,4525
2089,-452.80493041774025,4513
2090,-1264.3420512527227,4512
2091,-553.1379697583616,4529
2092,-111.7408347329474,4512
2093,172.7005018346921,4514
2094,-1276.3967870920897,4513
2095,123.74393429725023,4512
2096,-1140.2928341776133,4511
2097,-269.6486086093064,4512
2098,123.74645828728535,4510
2099,-440.9119542926783,4510
2100,254.04401507021976,4510
2101,-312.84665758756455,4511
2102,-1249.5027263462543,4510
2103,-426.98218755517155,4511
2104,124.79268520484766,4509
2105,271.0321675864543,4509
2106,-405.73494898002537,4508
2107,-874.4834623336792,4508
2108,-435.3843092824791,4508
2109,-1241.30628785491,4508
2110,-474.47351880930364,4508
2111,-1295.2184438854456,4508
2112,-1295.5073393136263,4508
2113,413.8728805196233,4509
2114,-1355.269545853138,4509
2115,149.21437011014132,4508
2116,-444.9545313977287,4509
2117,-275.24735350816627,4509
2118,-1007.1060707867146,4509
2119,-436.1672863468557,4509
2120,124.5958794978942,4508
2121,-1105.1518456041813,4507
2122,122.05034921596598,4508
2123,-680.0401517823339,4508
2124,226.89751596578913,4543
2125,253.24917034309874,4506
2126,-959.4191094785929,4542
2127,-432.10468388255686,4508
2128,-907.5701449215412,4508
2129,-169.43141932680737,4508
2130,-1058.0727629065514,4509
2131,192.86211334854306,4509
2132,-354.24877671629656,4551
2133,-1007.7594912201166,4507
2134,-1346.984269425273,4506
2135,-686.6255054622889,4505
2136,191.68400960040162,4506
2137,-1307.935344427824,4506
2138,-1183.648515343666,4505
2139,-441.74319701228524,4505
2140,-440.7177331606217,4505
2141,275.8286509958416,4554
2142,-516.448180668056,4550
2143,-408.8511698860675,4505
2144,-1754.5017181709409,5796
2145,-1875.4852658435702,5794
2146,-396.8385662159417,4505
2147,25.146940174134215,4552
2148,-850.5376740992069,4504
2149,-432.4381567692035,4504
2150,-430.4446968176635,4504
2151,-351.06013936693853,4505
2152,-158.45723463854392,4505
2153,211.87949015095148,4506
2154,-287.0381218364928,5794
2155,-1285.969374626875,4506
2156,-1184.5317206680775,4506
2157,-607.6962500065565,4505
2158,-437.4851471560287,4506
2159,200.55020476408754,4506
2160,217.48855776237906,4505
2161,142.25371936434385,4504
2162,-1225.8335437327623,4504
2163,-1165.1752393096685,4504
2164,450.0301087516773,4504
2165,-295.49408544509856,4503
2166,-408.02123104435304,4503
2167,134.44791335644004,4504
2168,-389.1500869237061,4504
2169,-1344.3104017823935,4504
2170,-38.890291757226805,4504
2171,-320.27644932756084,4503
2172,393.97659116849536,4502
2173,-1315.2537337988615,4505
2174,-422.1645183089713,4504
2175,-795.9612201452255,4504
2176,50.26617522919787,4545
2177,148.8414774903813,4505
2178,-346.7672897952143,4504
2179,-776.9976848363876,4503
2180,-1335.7900269776583,4502
2181,211.37744356081384,4557
2182,-367.061202871555,4502
2183,402.18665905075613,4502
2184,-0.37587760659107516,5789
2185,-1339.0102443993092,4502
2186,-1163.8833913356066,4502
2187,174.3793828787675,4504
2188,-1310.1047960966825,4504
2189,209.1632714885468,4503
2190,-632.7997186593711,4503
2191,271.5334773153518,4559
2192,-1325.6705328822136,4504
2193,-1732.4696051180363,5792
2194,-406.0811756721814,4505
2195,-1240.95534093678,4505
2196,-442.60204975574743,4505
2197,-436.24093459944015,4505
2198,-453.36288961197715,4503
2199,-1176.1132336854935,4504
2200,-434.09074778990316,4505
2201,-1354.0204854607582,4504
2202,-256.67424779449357,4505
2203,125.3825606883729,4506
2204,-1261.7166523486376,4506
2205,-1269.6910634040833,4506
2206,-1153.606895044446,4506
2207,174.0715770134052,4506
2208,-428.06923949485645,4506
2209,-1099.4941423535347,4507
2210,125.16781582307158,4507
2211,-451.8078038664826,4508
2212,-409.3878898626426,4508
2213,-1352.5272018164396,4509
2214,-1357.7675128281116,4510
2215,211.89342029685577,4536
2216,-283.7839789923164,4510
2217,-58.97424935245181,4509
2218,-599.292887173593,4510
2219,-407.9886700370116,4509
2220,228.6808106894823,4509
2221,77.03574241512251,4531
2222,-439.1392997908406,4508
2223,-412.1985489726703,4509
2224,-1305.0587541162968,4509
2225,-1257.1682732701302,4509
2226,-1260.7692290097475,4509
2227,-399.0171861583867,4509
2228,-722.5168304294348,4509
2229,-276.6482628953672,4510
2230,-855.3328458666801,4511
2231,-420.46398660840714,4510
2232,-402.0907138262046,4510
2233,-991.3525324761868,4511
2234,106.42381417773504,4510
2235,-428.06858711433597,4510
2236,-1327.4360605627298,4511
2237,-110.6973809225019,4511
2238,-31.41715014667716,4511
2239,-1032.0644827485085,4513
2240,-91.49379187813884,4512
2241,156.56878679764486,4513
2242,-309.8813099008403,4513
2243,-1027.8030748963356,4512
2244,-1140.3698245733976,4512
2245,-1022.6439248025417,4512
2246,-911.0878795534372,4511
2247,280.71134912230264,4512
2248,-1316.6209085136652,4512
2249,196.4056632154061,4512
2250,101.43453151556241,4512
2251,-1294.9319373369217,4512
2252,-398.0744671542452,4512
2253,-1281.573372989893,4512
2254,243.39018703607144,4511
2255,-148.94605253951158,4510
2256,126.88497100969516,4510
2257,-543.3815112430602,4509
2258,-667.7873927652836,4509
2259,-960.3066353499889,4509
2260,208.61186306461605,4508
2261,-765.3240323960781,4507
2262,-193.89622930257792,4550
2263,-516.9097530096769,4509
2264,215.53480404926813,4508
2265,-643.2502073720098,4508
2266,-516.654747184366,4553
2267,-407.9098879606463,4507
2268,240.0782515498504,4507
2269,188.59565792498324,4508
2270,121.84919805591062,4507
2271,145.1113249611226,4507
2272,-1176.429405644536,4508
2273,-506.97676826268435,4508
2274,-1328.2999050468206,4509
2275,225.91015335303382,4508
2276,133.1741062688925,4508
2277,-324.5422595237469,4508
2278,-441.7761568715796,4507
2279,-408.0995669537224,4507
2280,-428.32825749274343,4507
2281,183.7054232899609,4506
2282,-456.0487930527888,4505
2283,-48.496773237988236,4572
2284,123.66540686359076,4504
2285,-552.0995571166277,4573
2286,-422.8184453259437,4504
2287,-1305.9685436040163,4505
2288,-1354.6379166990519,4504
2289,-408.6871739443159,4504
2290,-552.7311074584723,4503
2291,-1159.8939957618713,4502
2292,-481.92601319402456,4502
2293,-619.9770991280675,4593
2294,211.2378636378453,4501
2295,-1073.423253044486,4593
2296,-231.25135669478914,4501
2297,-354.97929887441205,4502
2298,-410.5060329103144,4503
2299,-721.6099323034286,4587
2300,210.01500942896746,4505
2301,173.04862132720336,4505
2302,144.45046301787215,4505
2303,-794.6749719902873,4506
2304,207.45996102855133,4507
2305,192.34026065433318,4505
2306,-1192.3823284506798,4506
2307,212.8232196322249,4506
2308,197.37507169264745,4507
2309,-671.958245433867,4506
2310,-293.3276480397617,4505
2311,-1355.080060377717,4505
2312,-903.8298316895962,4504
2313,-412.9496900768718,4504
2314,-448.15887980706464,4504
2315,-196.54444637021516,4505
2316,-409.26234536614174,4506
2317,-1080.7849583476782,4506
2318,-411.9909854628495,4505
2319,-403.4622746077366,4505
2320,-739.0582137405872,4575
2321,-1300.0071438103914,4503
2322,-1188.3934417068958,4503
2323,-398.33924302842934,4503
2324,206.17363544274122,4503
2325,-1369.8406728059053,4583
2326,-403.7692844138328,4504
2327,-1097.8978390395641,4504
2328,149.81699310534168,4504
2329,-392.850315657568,4504
2330,-375.65487413662777,4505
2331,-402.4020357237314,4505
2332,-411.6362125527812,4506
2333,-410.267065243097,4505
2334,174.67532923213162,4505
2335,-473.43751172861084,4505
2336,139.09533485657448,4504
2337,-301.75323375384323,4504
2338,-1319.2276693582535,4506
2339,-323.63985650625546,4572
2340,-413.4937643064477,4505
2341,431.17708690277505,4504
2342,-1012.9329567551613,4578
2343,-421.97741431017494,4504
2344,215.89162245797343,4504
2345,-1225.1862313002348,4504
2346,125.12224825743215,4504
2347,-54.15868008858524,4504
2348,-1116.6792886406183,4505
2349,-1106.9668649882078,4505
2350,160.14253961357463,4505
2351,71.62425850522413,4577
2352,-486.2794313915074,4504
2353,224.02640229520784,4504
2354,-1238.7880065739155,4505
2355,-1130.3689034730196,4581
2356,-1112.4692477583885,4505
2357,-415.096988823032,4505
2358,-405.92648600094253,4506
2359,-441.00904671756143,4506
2360,-420.9439236794278,4505
2361,-1141.9676814973354,4506
2362,-903.0490786284208,4507
2363,124.70012101386965,4506
2364,117.50938947958639,4506
2365,-346.6781208150787,4507
2366,-56.14894873326239,4507
2367,-49.81205447778484,4577
2368,45.53729238729102,4580
2369,-1333.4619030356407,4506
2370,-1240.6807434856892,4505
2371,156.15343911309537,4505
2372,-853.4856431484222,4506
2373,-1402.566163778305,4585
2374,122.0247128910487,4506
2375,87.19919142093568,4582
2376,207.175310319235,4507
2377,339.3457278085407,4508
2378,-547.9564430452883,4580
2379,-173.27008314120758,4581
2380,-744.079862460494,4588
2381,-383.10106290562544,4507
2382,-1431.337046712637,4591
2383,11.528067680756976,4586
2384,-1279.8774518221617,4509
2385,-441.0017835373292,4508
2386,-800.4020625278354,4577
2387,172.65802219004217,4509
2388,-1051.6515883505344,4576
2389,113.5366530181127,4509
2390,-296.9302263338468,4509
2391,-521.0203113984317,4583
2392,-1336.9626910090446,4508
2393,-12.128462165521341,4577
2394,-815.2538878172636,4509
2395,-1316.6596208363771,4508
2396,-1321.9531941115856,4508
2397,382.7050442848922,4508
2398,201.34924314207092,4509
2399,-1012.9456259608269,4509
2400,-523.2431191839278,4568
2401,126.46671668484032,4510
2402,183.07566157446308,4510
2403,-431.07671439665137,4511
2404,139.95336142391898,4511
2405,5.135866905179682,4566
2406,223.63479358104814,4512
2407,-528.5530626438558,4566
2408,-527.9432604592294,4571
2409,-1238.8176362365484,4511
2410,125.7114221971533,4511
2411,-578.9545341283083,4511
2412,-1143.6535220444202,4511
2413,-597.3307631202042,4511
2414,448.0727118462164,4512
2415,-1271.6210011094809,4574
2416,-1337.442756921053,4510
2417,-411.1023333921912,4510
2418,-660.5196919590235,4510
2419,-529.053289314732,4577
2420,244.1166428674187,4510
2421,-591.7065152525902,4577
2422,171.46505307441112,4510
2423,-436.3311689981638,4511
2424,-1311.6911951899529,4511
2425,-413.357010498828,4512
2426,137.0851308846104,4513
2427,-455.8756814521039,4512
2428,-1176.2041860073805,4512
2429,-219.88592597258685,4512
2430,-434.2624625748431,4512
2431,-1223.8042418062687,4512
2432,-67.64920843570872,4511
2433,207.79274573626753,4511
2434,-1076.0256290882826,4511
2435,-487.25639802683145,4511
2436,-399.655697722279,4511
2437,-221.81295672233682,4511
2438,-1332.750831052661,4511
2439,-523.0047879889607,4582
2440,-1223.9493319690228,4582
2441,-1251.3144371807575,4512
2442,147.74546390091564,4512
2443,-398.07050679950044,4512
2444,255.06690483960847,4512
2445,-437.561196364466,4512
2446,142.9269756400172,4511
2447,-1310.2061389833689,4585
2448,130.089758401391,4511
2449,-689.7945962101221,4510
2450,-1328.8924932330847,4510
2451,-548.4679450541735,4590
2452,-401.89217047698185,4509
2453,-1356.1571230590343,4509
2454,-786.9922535121441,4510
2455,266.1042525102748,4592
2456,-1075.8757973611355,4510
2457,-544.8330742698163,4592
2458,-619.8863182812929,4510
2459,35.46685652514134,4596
2460,-313.64768710394856,4509
2461,-970.0994994044304,4509
2462,-1083.7747377306223,4510
2463,245.10313276313536,4509
2464,-1013.3690119236708,4509
2465,-1148.6288308799267,4509
2466,339.74197838707187,4509
2467,-1278.04533316195,4510
2468,-1466.2764210253954,4591
2469,276.8161161651042,4511
2470,216.82759531075135,4510
2471,-535.1840323451906,4510
2472,-552.7764933183789,4589
2473,27.18120396490849,4510
2474,137.54923933194004,4510
2475,-992.1955439597368,4510
2476,-409.24979483452626,4511
2477,-1319.7777238041162,4510
2478,-9.65779622066384,4510
2479,205.99880480488355,4511
2480,-371.462911233044,4511
2481,-405.4423302321229,4511
2482,-472.8406908647157,4510
2483,-1108.0673637092113,4589
2484,-24.34981109880755,4509
2485,-1260.5689989328384,4509
2486,-451.70742426022116,4509
2487,270.8310052640045,4508
2488,132.34087625746906,4508
2489,-406.07046782688485,4508
2490,121.81193688282292,4509
2491,-1241.4824487864971,4508
2492,183.03129050784628,4508
2493,-735.9725175276399,4508
2494,-407.6833477206528,4507
2495,196.44890773393035,4507
2496,-944.103167206049,4599
2497,-1320.656536385417,4509
2498,262.27900982471124,4509
2499,170.71766401762216,4509
2500,-1176.816969498992,4509
2501,-442.12640605907654,4510
2502,-981.5989299565554,4509
2503,193.47262602309934,4509
2504,-1214.2031058222055,4511
2505,128.8188593931227,4509
2506,-56.141593792446656,4507
2507,-1284.1780985295773,4506
2508,179.49747714215118,4506
2509,-1076.7486474364996,4507
2510,-556.0735267587006,4625
2511,-1330.6448469012976,4507
2512,-398.96281669457676,4507
2513,223.72486005030805,4507
2514,-1090.6464862823486,4508
2515,-441.8422134620487,4507
2516,-154.91406224406091,4506
2517,-1080.986376851797,4506
2518,16.166860934314172,4506
2519,43.332515633808725,4504
2520,-1319.422996610403,4504
2521,-510.328570285812,4503
2522,-717.4488811939955,4503
2523,-419.089574641519,4503
2524,142.38937663678735,4502
2525,-407.3708272353397,4503
2526,-1197.4759782850742,4503
2527,-843.4441106617451,4502
2528,132.67656125163012,4502
2529,225.7707069205935,4501
2530,-1213.8200844973326,4502
2531,-1352.0914449244738,4502
2532,-1321.523200005293,4501
2533,-398.77222910232376,4502
2534,265.7329221507134,4501
2535,-1316.2475251704454,4642
2536,-1326.161519780755,4502
2537,-1452.2052211761475,4639
2538,-995.574392080307,4502
2539,-402.2975353576476,4501
2540,-454.0836505491461,4501
2541,-1350.697458922863,4501
2542,92.71754463312459,4499
2543,-1127.0513630211353,4498
2544,-433.30941824882757,4499
2545,334.0379486915481,4499
2546,-449.12207823686185,4500
2547,-1116.0890804380178,4499
2548,-479.89105001464486,4499
2549,-25.272185637586517,4498
2550,226.7360278635606,4497
2551,-1458.4988999515772,4649
2552,-201.52422082441626,4495
2553,-741.1756730750203,4660
2554,-1331.6509456932545,4657
2555,-433.37221587408567,4496
2556,-596.5000546164811,4653
2557,-1058.916331216693,4496
2558,-1419.322497278452,4652
2559,-326.81613058710354,4496
2560,-1335.2053752690554,4496
2561,-430.43813131877687,4496
2562,-1024.019584596157,4497
2563,127.58621730958839,4496
2564,-506.0188302770257,4496
2565,-432.48604136821814,4496
2566,-1275.6074875444174,4496
2567,177.60876122617628,4496
2568,78.30459058937777,4496
2569,-543.4238187242299,4643
2570,-413.7744611553935,4497
2571,-295.88142577692633,4499
2572,-397.85659366531763,4499
2573,124.27646174268011,4499
2574,119.97896296849103,4499
2575,275.24136998745416,4498
2576,-1045.7874446362257,4498
2577,-72.51986691825914,4497
2578,-588.7748519182205,4639
2579,-1315.5606915205717,4498
2580,182.91624705478898,4497
2581,-984.1246403455734,4498
2582,-433.224284612108,4498
2583,-549.3537423890084,4500
2584,-651.1514764875174,4499
2585,328.6874847843428,4499
2586,-443.1839385997737,4498
2587,-443.55871074536117,4498
2588,211.6291100823778,4497
2589,174.4712909413056,4496
2590,-935.8486356586218,4497
2591,191.3181772543794,4498
2592,-1043.6202231049538,4497
2593,-1083.9898758232594,4497
2594,-9.937568058894158,4497
2595,222.80841939367383,4498
2596,-1010.6925420314074,4498
2597,-1336.007463261485,4637
2598,-1285.408843383193,4498
2599,-1436.537426918745,4638
2600,341.41600725933677,4497
2601,-942.8089591562748,4497
2602,-404.5272680937196,4496
2603,-229.6565064820461,4496
2604,-1322.6998704969883,4496
2605,128.45392570462627,4496
2606,-892.6079764962196,4497
2607,-1270.4756383895874,4497
2608,-429.97649064077996,4496
2609,-640.5074688866735,4646
2610,458.9156462148021,4496
2611,126.66827519082108,4497
2612,-1332.1110199987888,4638
2613,-553.0712433578447,4642
2614,172.3872525190318,4495
2615,235.68870040317415,4644
2616,-172.1238042863697,4495
2617,199.1274944374743,4495
2618,-822.6852806955576,4643
2619,-1022.7341848015785,4640
2620,-461.716529569414,4495
2621,-514.2962361518294,4495
2622,-849.0680717676878,4495
2623,36.25973474228522,4633
2624,-698.935894601047,4494
2625,-414.95032902015373,4494
2626,104.13044394092958,4494
2627,200.46647103146097,4493
2628,175.97440435586032,4493
2629,-196.1500599742867,4491
2630,-1490.191714182496,4644
2631,-398.68774484697497,4491
2632,-461.76602076611016,4648
2633,-1344.3118951618671,4652
2634,-411.7970496490598,4492
2635,10.688196536833857,4653
2636,-1456.2223565876484,4654
2637,124.37495582659517,4493
2638,-1282.9028746336699,4646
2639,190.5648100800463,4494
2640,-415.4288044233108,4494
2641,-1171.168630823493,4493
2642,-386.887138745049,4493
2643,-1303.0271441936493,4651
2644,132.1623179083581,4493
2645,-1315.3674419820309,4643
2646,118.11725208289317,4492
2647,122.07837723098964,4647
2648,-1307.7684135288,4651
2649,-554.3804740030318,4650
2650,-961.9400986433029,4491
2651,-1227.488798007369,4492
2652,-1474.8650082200766,4647
2653,124.2590788973248,4493
2654,281.34315614629304,4641
2655,258.1402102722932,4641
2656,-454.99869271129137,4493
2657,-431.2207170021138,4493
2658,-442.1925834103313,4493
2659,-957.4009461849928,4493
2660,-567.7746538110077,4636
2661,-429.86471809761133,4493
2662,-1270.7023498415947,4494
2663,161.98664400734742,4494
2664,-1040.5675812363625,4493
2665,-1478.8972597569227,4639
2666,-503.23680960945785,4492
2667,-414.58180925673423,4493
2668,-20.50840803120809,4641
2669,192.11936405687266,4492
2670,-431.2469541176106,4492
2671,-438.62714929269805,4492
2672,-398.4679123412934,4491
2673,-1309.4135719388723,4492
2674,206.73446909423,4492
2675,-1275.5737520605326,4492
2676,-58.745114344215835,4631
2677,263.72607548359883,4626
2678,-550.514210736379,4625
2679,15.714690131429961,4494
2680,-1246.7714789807796,4623
2681,126.31565387107912,4494
2682,-77.18227234196092,4495
2683,-411.5792017452168,4496
2684,-408.6338345420081,4495
2685,-1346.1974178999662,4496
2686,-55.03281362250482,4616
2687,-489.1140035390854,4495
2688,164.02552146005837,4494
2689,-441.7683924763696,4494
2690,-1092.7324370741844,4494
2691,-1290.102664411068,4494
2692,120.94169328763383,4618
2693,-544.9674329850823,4614
2694,-1355.237119987607,4495
2695,-858.1752597391605,4614
2696,456.2706211037512,4494
2697,-1354.8919019699097,4494
2698,-1339.5761571526527,4613
2699,-1306.8720627129078,4495
2700,-1442.9757825881243,4609
2701,458.5328530184197,4495
2702,-1273.7932317107916,4495
2703,210.1870254152709,4495
2704,-408.2336256275157,4495
2705,-1217.9007674902678,4495
2706,-829.8093822747469,4496
2707,-1004.2048924267292,4497
2708,-318.8480532114918,4496
2709,-814.0607792437077,4496
2710,-1345.192137941718,4497
2711,-1139.40545026958,4497
2712,-38.05510765253166,4497
2713,-409.735328538809,4497
2714,130.33737147719603,4497
2715,237.47460834611593,4497
2716,266.67937956286914,4497
2717,-410.8914711548714,4498
2718,146.85234320540894,4498
2719,-528.116244841367,4498
2720,128.93758261774929,4498
2721,-404.0188857077792,4499
2722,114.70182172277418,4498
2723,-1289.894651606679,4592
2724,213.80286311046802,4499
2725,-493.89280886016786,4499
2726,-108.62103169463808,4499
2727,-1251.7182229161263,4499
2728,-447.41359338196344,4498
2729,-403.6987116201635,4498
2730,-1070.3533517569304,4498
2731,-998.7455870509148,4498
2732,-434.12270342718693,4498
2733,-806.4796056300402,4498
2734,-445.76299618638586,4498
2735,-1216.523712605238,4498
2736,216.86155391357352,4497
2737,-1158.9729635417461,4497
2738,-409.62476537108887,4497
2739,-412.41921004487085,4497
2740,-327.7921504593687,4499
2741,-945.7771807909012,4498
2742,-546.305624326691,4498
2743,125.82175864399323,4498
2744,-398.52794586709933,4498
2745,-433.284238548169,4497
2746,-535.5683115627617,4498
2747,-1168.5388119071722,4498
2748,-98.76969486463713,4499
2749,-646.611154705286,4499
2750,191.0986017377054,4499
2751,-411.4425468756817,4499
2752,-453.1058856477903,4500
2753,-413.03699365258217,4500
2754,-1277.9476327002048,4500
2755,172.57574548759294,4499
2756,-918.3828313648701,4499
2757,-1330.0299184769392,4498
2758,150.0204765109229,4498
2759,-1309.1128924787045,4498
2760,133.22113812580028,4498
2761,152.04252496492882,4498
2762,-442.0016341879382,4499
2763,298.16902097254933,4499
2764,-449.4136294234413,4499
2765,-1079.3177188783884,4499
2766,-428.07644021569286,4499
2767,-1330.4992731809616,4499
2768,73.47646545163298,4498
2769,-650.1749710068107,4498
2770,-411.34455038257875,4498
2771,-441.73565446649445,4498
2772,152.88240448296392,4497
2773,137.10776742454254,4497
2774,-1307.1384861022234,4497
2775,-1094.9496811181307,4497
2776,-191.15396817637156,4496
2777,105.95332686084294,4498
2778,-1289.4846221208572,4498
2779,-427.6040909627918,4497
2780,310.2039867516578,4498
2781,-406.9472352412704,4498
2782,-1260.8808510005474,4496
2783,255.14746648041182,4497
2784,202.29255830257898,4497
2785,-499.51093860249966,4497
2786,-784.706592746079,4498
2787,-483.88383305445313,4498
2788,212.272283551094,4497
2789,-581.089636977762,4498
2790,176.3755155384897,4498
2791,442.89637611182116,4498
2792,-1257.3637308329344,4499
2793,-1106.994257852435,4499
2794,-623.942667003721,4498
2795,-472.4634655606933,4499
2796,-1257.4632806926966,4498
2797,-1144.4715243279934,4499
2798,210.38377824425334,4498
2799,196.53342613664336,4498
2800,-81.53219458370586,4499
2801,-419.8818225560117,4498
2802,205.08129763754914,4498
2803,-179.18742004819796,4498
2804,-572.3539910316467,4498
2805,400.6720267117489,4497
2806,-927.9218522757292,4497
2807,212.6182106987544,4497
2808,-399.0206981477677,4498
2809,-383.21365453046747,4499
2810,-399.11904014638276,4498
2811,-1267.5198787599802,4499
2812,-1307.0882744044065,4498
2813,29.21048817114206,4609
2814,209.8728752189636,4499
2815,-439.0399783839239,4499
2816,-401.48864690301707,4499
2817,-1081.591647773981,4497
2818,-31.013222741225036,4496
2819,-1330.6491429656744,4497
2820,-413.23230049213817,4496
2821,208.92031084687187,4496
2822,-1074.7395011037588,4496
2823,-1076.3679193556309,4496
2824,337.03169268946885,4495
2825,214.53516976340507,4496
2826,-398.29649018199416,4496
2827,-406.5224206892526,4496
2828,-412.3963775418233,4495
2829,-443.28716667112894,4496
2830,-405.93686442344915,4496
2831,-311.700328951556,4496
2832,-1111.7898190915585,4495
2833,157.7161432137218,4496
2834,-1248.0880578160286,4496
2835,-456.39086739870254,4497
2836,-1287.9006846100092,4498
2837,132.09536467221233,4498
2838,317.7504055222016,4497
2839,241.93817991734977,4497
2840,-847.9779895991087,4497
2841,-1144.1666415929794,4498
2842,-406.1377244058531,4499
2843,201.72472220677082,4498
2844,-509.9845360610634,4499
2845,-406.6618134796736,4498
2846,-496.2020330252126,4498
2847,-454.3755010314053,4497
2848,252.83309015610212,4497
2849,-312.00722104206216,4497
2850,-441.26331613605726,4498
2851,-413.69402227624596,4497
2852,-643.5790903046727,4498
2853,175.0942062817303,4498
2854,175.30759121976735,4498
2855,124.10800059544272,4497
2856,149.9298533824258,4497
2857,-406.7337472136569,4499
2858,-486.491837464273,4498
2859,-429.22593657148536,4498
2860,-212.9152666204027,4498
2861,290.83649006584164,4498
2862,-408.81150231475476,4497
2863,-1066.3830847144127,4497
2864,-159.2226111998607,4497
2865,-542.7777195423841,4498
2866,-397.58353500266094,4498
2867,254.27325045542966,4498
2868,-837.6940600425005,4498
2869,-1187.9497395455837,4498
2870,-798.5413709804416,4498
2871,124.06509523095156,4498
2872,26.43006526789395,4497
2873,-400.06654213625006,4496
2874,-502.19842639844865,4496
2875,-981.8549668490887,4497
2876,-285.2610131331021,4497
2877,-781.5356309264898,4497
2878,-1350.7576567530632,4497
2879,-1174.757372289896,4498
2880,-897.5473297387362,4498
2881,-410.60727795596904,4498
2882,-1342.494834214449,4499
2883,-1134.4012455046177,4499
2884,-722.1595952957869,4498
2885,-936.3901745826006,4499
2886,-960.5433209985495,4499
2887,-1038.9241849035025,4499
2888,-442.9875341015868,4500
2889,-430.52425193344243,4500
2890,166.71991458499542,4500
2891,-473.32437613001093,4500
2892,176.55120272962233,4500
2893,-498.224332482554,4500
2894,-1074.4551045894623,4500
2895,190.57804785486587,4502
2896,-904.595933124423,4502
2897,245.95692948126634,4502
2898,-496.12802201509476,4502
2899,-912.3295689821243,4502
2900,281.2667851648948,4502
2901,-1317.1843657642603,4502
2902,37.83352244889829,4502
2903,-644.3159576207399,4501
2904,205.7802239677103,4500
2905,-1167.2046861201525,4501
2906,113.18317981168184,4500
2907,-537.5220961030573,4501
2908,-1326.9357642829418,4501
2909,-443.6311767541338,4501
2910,-69.45831751427613,4501
2911,-1328.240188524127,4500
2912,-419.15471258197067,4500
2913,152.63914696248685,4500
2914,267.5473801622902,4500
2915,215.4721398199472,4499
2916,-1329.7996441572905,4500
2917,-535.8451186418533,4500
2918,167.61299440176072,4499
2919,-1078.0300416648388,4499
2920,133.7760014132209,4498
2921,-801.1477474197745,4498
2922,-214.24139897854548,4498
2923,122.74195717943076,4498
2924,-408.2999825211009,4498
2925,-420.7194575186131,4498
2926,-1321.7252317368984,4499
2927,-412.71367989809005,4499
2928,-1065.536070227623,4499
2929,-517.029185930267,4499
2930,-405.0765040689148,4499
2931,238.0111857413051,4499
2932,159.70014666098632,4499
2933,-411.6791815821325,4498
2934,-440.0443177840498,4498
2935,-374.7940855174893,4497
2936,-403.15833850408944,4497
2937,-459.2899291517824,4497
2938,188.45404662843066,4497
2939,-1166.1783424913883,4497
2940,-402.67454480212837,4497
2941,-1010.0762684345245,4497
2942,201.10831261045496,4497
2943,123.68035294889705,4498
2944,317.0444545889768,4497
2945,-414.3303395800176,4497
2946,200.90554321513628,4497
2947,-1131.726137071848,4497
2948,-1169.0401055514812,4497
2949,-193.19277433794923,4496
2950,-443.5379667013185,4497
2951,-445.45957900601206,4497
2952,-534.8013769891113,4496
2953,-1171.027722477913,4496
2954,173.36346534148106,4496
2955,-1025.0587599277496,4496
2956,-1259.942814975977,4496
2957,-420.59605535585433,4496
2958,225.96672873038187,4497
2959,186.10927740938496,4497
2960,-721.2953886762261,4497
2961,-1356.1732725948095,4497
2962,34.52342560830584,4496
2963,142.16994454149972,4495
2964,185.89019513873563,4496
2965,-510.81125071272254,4496
2966,-429.24846177449217,4494
2967,231.54538255305397,4495
2968,-411.63831776741426,4496
2969,-460.9371025112923,4496
2970,-1029.3593592196703,4497
2971,117.62980098467233,4497
2972,-150.573335080815,4497
2973,-1185.5824967771769,4497
2974,-286.7316782530179,4497
2975,239.94406073773825,4496
2976,-632.9444966465235,4497
2977,-1303.3641339689493,4496
2978,-411.6866216099588,4496
2979,-1250.721050426364,4496
2980,-1245.814041301608,4496
2981,196.56764875637782,4496
2982,-690.8153999894857,4496
2983,-671.8500460162759,4496
2984,165.1286443211029,4496
2985,-15.614956878402154,4496
2986,-409.1639834372327,4495
2987,-797.2348941117525,4496
2988,-277.46524968394806,4496
2989,-881.2381521016359,4496
2990,-451.778900981295,4497
2991,-541.0571027155966,4497
2992,-452.8056787629612,4497
2993,-404.85567748508765,4496
2994,-404.33317871799227,4496
2995,-491.486146771349,4497
2996,-1318.8391417562962,4498
2997,-1246.7976137846708,4498
2998,-1355.853876709938,4498
2999,-1189.5635756999254,4499
3000,-1190.0103387087584,4498
3001,157.54898799686634,4498
3002,-1002.4212510883808,4499
3003,352.28136755570995,4498
3004,-723.7859847918153,4497
3005,-600.1683356948197,4498
3006,278.29406714940706,4498
3007,-1356.85928042233,4498
3008,70.20108678175166,4498
3009,-438.0398311686222,4498
3010,129.0158366194264,4498
3011,211.12377299967739,4498
3012,-420.07803203846197,4497
3013,-534.5096250865608,4498
3014,-70.18151614682574,4497
3015,-1167.0070405602455,4497
3016,167.74852990989166,4496
3017,120.96494222254842,4496
3018,-397.741925263188,4497
3019,-1362.3709419369698,4498
3020,-407.66421062717563,4497
3021,-443.90518522728235,4498
3022,-406.05789243639447,4497
3023,-473.0187493413687,4496
3024,-1190.4676977694035,4496
3025,-1144.6252168118954,4596
3026,209.0705090565898,4497
3027,-877.9770248234272,4498
3028,246.131190234737,4498
3029,-425.97042688546935,4498
3030,385.8670084537407,4498
3031,-404.714378346951,4499
3032,-887.3201977163553,4498
3033,-403.9706358622643,4499
3034,-1268.134776249528,4499
3035,-1321.6616892665625,4500
3036,-1357.5334060639143,4500
3037,135.47317487608052,4500
3038,-425.7711814431241,4501
3039,-537.698058962822,4502
3040,347.7755937046368,4502
3041,-236.84914669019054,4502
3042,118.95016784639574,4501
3043,-273.82964723405894,4502
3044,-1282.4098173975945,4502
3045,-761.0173796489835,4500
3046,-436.16060055472917,4500
3047,174.90529023401177,4499
3048,-1042.2487249076366,4500
3049,-400.04232364162453,4500
3050,-223.36528571980307,4500
3051,-543.9308994933963,4500
3052,-411.0503999207285,4500
3053,-104.3796086587356,4499
3054,-1356.8157735317945,4499
3055,225.17714403310674,4499
3056,-1325.431429490447,4500
3057,-1203.6223810464144,4499
3058,-1173.802315801382,4499
3059,-1043.2875992059708,4500
3060,-1187.1187396794558,4500
3061,381.41539416987507,4500
3062,-14.449465844678343,4499
3063,-539.3435196168721,4499
3064,-448.3041169735334,4498
3065,224.72543989190672,4498
3066,-466.2186120604165,4498
3067,-1188.25931173563,4500
3068,-253.6914847199223,4500
3069,-844.5216896384954,4500
3070,-939.3555101454258,4501
3071,-410.3047732930863,4501
3072,-411.0494318595156,4501
3073,-1158.3570143431425,4501
3074,-987.0699600875378,4501
3075,183.1847768900534,4500
3076,-1281.9726685881615,4500
3077,-942.8500328212976,4500
3078,-243.9391214606303,4500
3079,181.03310513069846,4500
3080,173.18364423852836,4500
3081,108.17116243484406,4500
3082,-1333.599051296711,4501
3083,-458.5173496885691,4500
3084,-209.39568018831778,4501
3085,-306.27187417383175,4501
3086,146.838555292019,4502
3087,230.46823114614017,4501
3088,88.17675724686796,4501
3089,-417.90455747040687,4500
3090,149.7796888601697,4501
3091,122.53667902900634,4501
3092,-397.73282954102615,4500
3093,-1204.5235327631235,4499
3094,-732.6790149360895,4500
3095,-1054.8291475772858,4500
3096,-1004.2568135559559,4501
3097,161.54359741757798,4500
3098,-723.4295832365751,4501
3099,190.32459636066415,4501
3100,455.4364813189004,4501
3101,377.8251683930721,4501
3102,-430.107129144737,4501
3103,145.16798267247214,4501
3104,-662.474857725203,4502
3105,159.2083348672968,4501
3106,-1281.3792675286531,4501
3107,-434.02701886690556,4501
3108,-408.81295596063137,4501
3109,-717.0068231001496,4502
3110,-397.89996981684817,4502
3111,-720.3512439653277,4503
3112,-487.3136992380023,4502
3113,173.27427890355466,4501
3114,202.22324061124164,4501
3115,-409.43104614835465,4500
3116,-132.33134619129123,4500
3117,285.4002166439168,4500
3118,-248.61670101433992,4500
3119,-162.2064428385347,4501
3120,-915.9296656847,4500
