demo type,cmd speed,angle,mean speed,noise level,resolution,success,max range,trial_no,steps taken
rotation,0.2,-15.0,0.54323380869993,,,1,,,82.0
rotation,0.29000000000000004,-15.0,0.5670954432434441,,,1,,,90.0
rotation,0.38,-15.0,0.5944530014641134,,,1,,,81.0
rotation,0.47000000000000003,-15.0,0.6631318471648767,,,1,,,96.0
rotation,0.56,-15.0,0.6629037132677454,,,1,,,61.0
rotation,0.6499999999999999,-15.0,0.7066938324001727,,,1,,,76.0
rotation,0.74,-15.0,0.7433046929939112,,,1,,,82.0
rotation,0.8300000000000001,-15.0,0.8160534207198326,,,1,,,93.0
rotation,0.9199999999999999,-15.0,0.9460908231146061,,,1,,,74.0
rotation,1.01,-15.0,1.0465957764696405,,,1,,,37.0
rotation,1.0999999999999999,-15.0,1.1775466501162146,,,1,,,32.0
rotation,1.19,-15.0,1.2133071360352037,,,1,,,39.0
rotation,1.28,-15.0,1.2145436142722505,,,1,,,39.0
rotation,1.3699999999999999,-15.0,1.2882379425672947,,,1,,,53.0
rotation,1.46,-15.0,1.3347238717969792,,,1,,,52.0
rotation,1.5499999999999998,-15.0,1.460182901412937,,,1,,,29.0
rotation,1.64,-15.0,1.5207851178468828,,,1,,,33.0
rotation,1.73,-15.0,1.6011177263803553,,,1,,,57.0
rotation,1.8199999999999998,-15.0,1.7592056809746912,,,1,,,25.0
rotation,1.91,-15.0,1.834661443867817,,,1,,,28.0
rotation,2.0,-15.0,1.7937605860221497,,,1,,,56.0
rotation,0.2,-14.0,0.504998019329638,,,1,,,104.0
rotation,0.29000000000000004,-14.0,0.5182090012723765,,,1,,,89.0
rotation,0.38,-14.0,0.5860668553177771,,,1,,,78.0
rotation,0.47000000000000003,-14.0,0.7114969446546602,,,1,,,88.0
rotation,0.56,-14.0,0.6837099533289805,,,1,,,73.0
rotation,0.6499999999999999,-14.0,0.6708878412129581,,,1,,,103.0
rotation,0.74,-14.0,0.7453334845024262,,,1,,,69.0
rotation,0.8300000000000001,-14.0,0.7976097254843607,,,1,,,81.0
rotation,0.9199999999999999,-14.0,0.9182079511018171,,,1,,,48.0
rotation,1.01,-14.0,1.0435668327715888,,,1,,,38.0
rotation,1.0999999999999999,-14.0,1.170423936293229,,,1,,,44.0
rotation,1.19,-14.0,1.1699468022937207,,,1,,,60.0
rotation,1.28,-14.0,1.2058300461825786,,,1,,,68.0
rotation,1.3699999999999999,-14.0,1.2992131462555034,,,1,,,36.0
rotation,1.46,-14.0,1.4360574445987495,,,1,,,39.0
rotation,1.5499999999999998,-14.0,1.4377168111637744,,,1,,,19.0
rotation,1.64,-14.0,1.549129565455474,,,1,,,29.0
rotation,1.73,-14.0,1.6353004087737497,,,1,,,29.0
rotation,1.8199999999999998,-14.0,1.641980193208097,,,1,,,47.0
rotation,1.91,-14.0,1.883314970931064,,,1,,,30.0
rotation,2.0,-14.0,1.9053952483365393,,,1,,,28.0
rotation,0.2,-13.0,0.47497828976442413,,,1,,,85.0
rotation,0.29000000000000004,-13.0,0.45114323814821794,,,1,,,75.0
rotation,0.38,-13.0,0.49804336728092985,,,1,,,76.0
rotation,0.47000000000000003,-13.0,0.6614905005799971,,,1,,,40.0
rotation,0.56,-13.0,0.5759946382635446,,,1,,,79.0
rotation,0.6499999999999999,-13.0,0.699710364693905,,,1,,,32.0
rotation,0.74,-13.0,0.7125193634772101,,,1,,,73.0
rotation,0.8300000000000001,-13.0,0.7854422616387676,,,1,,,86.0
rotation,0.9199999999999999,-13.0,0.870314623355796,,,1,,,70.0
rotation,1.01,-13.0,0.9659960812513985,,,1,,,36.0
rotation,1.0999999999999999,-13.0,1.1656127008798087,,,1,,,39.0
rotation,1.19,-13.0,1.2338556211854013,,,1,,,43.0
rotation,1.28,-13.0,1.2485468059122375,,,1,,,44.0
rotation,1.3699999999999999,-13.0,1.2854515245802,,,1,,,67.0
rotation,1.46,-13.0,1.423020253643702,,,1,,,56.0
rotation,1.5499999999999998,-13.0,1.4348762003702318,,,1,,,38.0
rotation,1.64,-13.0,1.5261709715776222,,,1,,,29.0
rotation,1.73,-13.0,1.6694057716429376,,,1,,,24.0
rotation,1.8199999999999998,-13.0,1.7072415209149574,,,1,,,21.0
rotation,1.91,-13.0,1.8190781893035597,,,1,,,20.0
rotation,2.0,-13.0,1.896266415853966,,,1,,,26.0
rotation,0.2,-12.0,0.4396964016078188,,,1,,,98.0
rotation,0.29000000000000004,-12.0,0.4585171877656558,,,1,,,64.0
rotation,0.38,-12.0,0.5515169464894866,,,1,,,69.0
rotation,0.47000000000000003,-12.0,0.5551292137678635,,,1,,,83.0
rotation,0.56,-12.0,0.5844986097346869,,,1,,,67.0
rotation,0.6499999999999999,-12.0,0.6232537022991713,,,1,,,74.0
rotation,0.74,-12.0,0.7387644403236542,,,1,,,44.0
rotation,0.8300000000000001,-12.0,0.7937698182323564,,,1,,,75.0
rotation,0.9199999999999999,-12.0,0.873929201296737,,,1,,,80.0
rotation,1.01,-12.0,1.0088589784121322,,,1,,,65.0
rotation,1.0999999999999999,-12.0,1.1146972345448205,,,1,,,34.0
rotation,1.19,-12.0,1.2419008699695555,,,1,,,37.0
rotation,1.28,-12.0,1.3962298777041753,,,1,,,27.0
rotation,1.3699999999999999,-12.0,1.272488224849477,,,1,,,76.0
rotation,1.46,-12.0,1.4340697281749508,,,1,,,24.0
rotation,1.5499999999999998,-12.0,1.4376805486465516,,,1,,,34.0
rotation,1.64,-12.0,1.5380750615689849,,,1,,,38.0
rotation,1.73,-12.0,1.6141247322907724,,,1,,,26.0
rotation,1.8199999999999998,-12.0,1.6470872087041124,,,1,,,56.0
rotation,1.91,-12.0,1.7154343292417806,,,1,,,39.0
rotation,2.0,-12.0,1.8326652168139645,,,1,,,24.0
rotation,0.2,-11.0,0.37373190939729456,,,1,,,73.0
rotation,0.29000000000000004,-11.0,0.3670334386044782,,,1,,,80.0
rotation,0.38,-11.0,0.3863219347524873,,,1,,,83.0
rotation,0.47000000000000003,-11.0,0.5516233532853364,,,1,,,59.0
rotation,0.56,-11.0,0.5586214575913337,,,1,,,65.0
rotation,0.6499999999999999,-11.0,0.6409960331918203,,,1,,,69.0
rotation,0.74,-11.0,0.7036486319702063,,,1,,,74.0
rotation,0.8300000000000001,-11.0,0.7582254492575687,,,1,,,82.0
rotation,0.9199999999999999,-11.0,0.8833996330289242,,,1,,,58.0
rotation,1.01,-11.0,0.9346514115766648,,,1,,,38.0
rotation,1.0999999999999999,-11.0,1.12897618584261,,,1,,,30.0
rotation,1.19,-11.0,1.2918350288890785,,,1,,,29.0
rotation,1.28,-11.0,1.2134417133195192,,,1,,,67.0
rotation,1.3699999999999999,-11.0,1.3149406525812974,,,1,,,52.0
rotation,1.46,-11.0,1.367572903382588,,,1,,,23.0
rotation,1.5499999999999998,-11.0,1.4237089310895505,,,1,,,36.0
rotation,1.64,-11.0,1.5972223474579799,,,1,,,27.0
rotation,1.73,-11.0,1.6403030183244196,,,1,,,26.0
rotation,1.8199999999999998,-11.0,1.6287574630082924,,,1,,,21.0
rotation,1.91,-11.0,1.718497244370714,,,1,,,23.0
rotation,2.0,-11.0,1.8719030596919117,,,1,,,22.0
rotation,0.2,-10.0,0.34472545364852253,,,1,,,82.0
rotation,0.29000000000000004,-10.0,0.3689514594387,,,1,,,65.0
rotation,0.38,-10.0,0.4566041361599005,,,1,,,81.0
rotation,0.47000000000000003,-10.0,0.507320633608542,,,1,,,49.0
rotation,0.56,-10.0,0.5238130638768702,,,1,,,78.0
rotation,0.6499999999999999,-10.0,0.6367724920225176,,,1,,,78.0
rotation,0.74,-10.0,0.658383538014058,,,1,,,62.0
rotation,0.8300000000000001,-10.0,0.759428876394542,,,1,,,72.0
rotation,0.9199999999999999,-10.0,0.8779331974707643,,,1,,,28.0
rotation,1.01,-10.0,0.9730120336343139,,,1,,,50.0
rotation,1.0999999999999999,-10.0,1.0627370392853763,,,1,,,27.0
rotation,1.19,-10.0,1.2043853339627406,,,1,,,68.0
rotation,1.28,-10.0,1.22396820709663,,,1,,,48.0
rotation,1.3699999999999999,-10.0,1.2272636052536934,,,1,,,56.0
rotation,1.46,-10.0,1.3164677168653898,,,1,,,51.0
rotation,1.5499999999999998,-10.0,1.4557545949841586,,,1,,,27.0
rotation,1.64,-10.0,1.573524425284063,,,1,,,23.0
rotation,1.73,-10.0,1.592867124318823,,,1,,,34.0
rotation,1.8199999999999998,-10.0,1.6603058148141194,,,1,,,29.0
rotation,1.91,-10.0,1.7642481519021231,,,1,,,26.0
rotation,2.0,-10.0,1.8490833915922045,,,1,,,26.0
rotation,0.2,-9.0,0.33887724285573784,,,1,,,105.0
rotation,0.29000000000000004,-9.0,0.2943540820482448,,,1,,,95.0
rotation,0.38,-9.0,0.42471859617733304,,,1,,,75.0
rotation,0.47000000000000003,-9.0,0.495193063067956,,,1,,,80.0
rotation,0.56,-9.0,0.549861859578319,,,1,,,78.0
rotation,0.6499999999999999,-9.0,0.5966167342636238,,,1,,,55.0
rotation,0.74,-9.0,0.6727245262374781,,,1,,,70.0
rotation,0.8300000000000001,-9.0,0.770374693498512,,,1,,,69.0
rotation,0.9199999999999999,-9.0,0.8322043655089716,,,1,,,57.0
rotation,1.01,-9.0,0.9904933282857623,,,1,,,36.0
rotation,1.0999999999999999,-9.0,1.0592502771838834,,,1,,,29.0
rotation,1.19,-9.0,1.2429417706333867,,,1,,,41.0
rotation,1.28,-9.0,1.2475613505789622,,,1,,,74.0
rotation,1.3699999999999999,-9.0,1.2801659624813817,,,1,,,38.0
rotation,1.46,-9.0,1.3479372722356169,,,1,,,38.0
rotation,1.5499999999999998,-9.0,1.469006806267975,,,1,,,58.0
rotation,1.64,-9.0,1.5175915167231067,,,1,,,20.0
rotation,1.73,-9.0,1.595170860027193,,,1,,,28.0
rotation,1.8199999999999998,-9.0,1.6129852112165022,,,1,,,28.0
rotation,1.91,-9.0,1.7873823794372588,,,1,,,25.0
rotation,2.0,-9.0,1.8506608130100837,,,1,,,23.0
rotation,0.2,-8.0,0.26846678291990417,,,1,,,98.0
rotation,0.29000000000000004,-8.0,0.28608823033109276,,,1,,,64.0
rotation,0.38,-8.0,0.35143214047039234,,,1,,,81.0
rotation,0.47000000000000003,-8.0,0.5227138116017912,,,1,,,46.0
rotation,0.56,-8.0,0.5341538994459665,,,1,,,70.0
rotation,0.6499999999999999,-8.0,0.5944671017996844,,,1,,,67.0
rotation,0.74,-8.0,0.6623586164705174,,,1,,,74.0
rotation,0.8300000000000001,-8.0,0.753540580066311,,,1,,,64.0
rotation,0.9199999999999999,-8.0,0.8750632091638223,,,1,,,33.0
rotation,1.01,-8.0,0.9269481606521572,,,1,,,30.0
rotation,1.0999999999999999,-8.0,1.1158399784970976,,,1,,,33.0
rotation,1.19,-8.0,1.1933154218095503,,,1,,,41.0
rotation,1.28,-8.0,1.243009792373753,,,1,,,29.0
rotation,1.3699999999999999,-8.0,1.3126483201939303,,,1,,,26.0
rotation,1.46,-8.0,1.4096411611866173,,,1,,,35.0
rotation,1.5499999999999998,-8.0,1.4768607403230425,,,1,,,52.0
rotation,1.64,-8.0,1.5692570094170735,,,1,,,18.0
rotation,1.73,-8.0,1.5765356123939995,,,1,,,36.0
rotation,1.8199999999999998,-8.0,1.6736264677569246,,,1,,,38.0
rotation,1.91,-8.0,1.7835558187895897,,,1,,,25.0
rotation,2.0,-8.0,1.7258651978450212,,,1,,,34.0
rotation,0.2,-7.0,0.34142085873225714,,,1,,,73.0
rotation,0.29000000000000004,-7.0,0.25762026247153663,,,1,,,91.0
rotation,0.38,-7.0,0.3833385145493759,,,1,,,54.0
rotation,0.47000000000000003,-7.0,0.44149708335489146,,,1,,,63.0
rotation,0.56,-7.0,0.49971006921275524,,,1,,,59.0
rotation,0.6499999999999999,-7.0,0.5759259840837877,,,1,,,71.0
rotation,0.74,-7.0,0.6643241971172146,,,1,,,49.0
rotation,0.8300000000000001,-7.0,0.7389210717708985,,,1,,,56.0
rotation,0.9199999999999999,-7.0,0.847130911462631,,,1,,,68.0
rotation,1.01,-7.0,0.9623503777431474,,,1,,,31.0
rotation,1.0999999999999999,-7.0,1.0444968252963993,,,1,,,41.0
rotation,1.19,-7.0,1.2089551925143898,,,1,,,29.0
rotation,1.28,-7.0,1.2241896682804638,,,1,,,32.0
rotation,1.3699999999999999,-7.0,1.2781171771035325,,,1,,,81.0
rotation,1.46,-7.0,1.3479891225134075,,,1,,,23.0
rotation,1.5499999999999998,-7.0,1.4159699959530785,,,1,,,26.0
rotation,1.64,-7.0,1.5553032579129518,,,1,,,27.0
rotation,1.73,-7.0,1.5856336529032655,,,1,,,38.0
rotation,1.8199999999999998,-7.0,1.645590024212369,,,1,,,26.0
rotation,1.91,-7.0,1.7309353710050075,,,1,,,33.0
rotation,2.0,-7.0,1.7849058830830684,,,1,,,30.0
rotation,0.2,-6.0,0.22740535657438243,,,1,,,78.0
rotation,0.29000000000000004,-6.0,0.2434479850562196,,,1,,,73.0
rotation,0.38,-6.0,0.3765797206803185,,,1,,,79.0
rotation,0.47000000000000003,-6.0,0.559715099183982,,,1,,,48.0
rotation,0.56,-6.0,0.45349891367006695,,,1,,,55.0
rotation,0.6499999999999999,-6.0,0.5691712488718857,,,1,,,66.0
rotation,0.74,-6.0,0.6289425787180486,,,1,,,55.0
rotation,0.8300000000000001,-6.0,0.723639252506608,,,1,,,62.0
rotation,0.9199999999999999,-6.0,0.877425785174014,,,1,,,28.0
rotation,1.01,-6.0,0.9582785228736578,,,1,,,31.0
rotation,1.0999999999999999,-6.0,0.9790790918314606,,,1,,,37.0
rotation,1.19,-6.0,1.1193615251518654,,,1,,,30.0
rotation,1.28,-6.0,1.1785677311095146,,,1,,,48.0
rotation,1.3699999999999999,-6.0,1.2504105093892257,,,1,,,32.0
rotation,1.46,-6.0,1.3453924766833314,,,1,,,28.0
rotation,1.5499999999999998,-6.0,1.4411922918845814,,,1,,,28.0
rotation,1.64,-6.0,1.5346030360969032,,,1,,,24.0
rotation,1.73,-6.0,1.6271534620191463,,,1,,,19.0
rotation,1.8199999999999998,-6.0,1.615136957704136,,,1,,,49.0
rotation,1.91,-6.0,1.7375799713606863,,,1,,,32.0
rotation,2.0,-6.0,1.8023526280340956,,,1,,,37.0
rotation,0.2,-5.0,0.19737859995626414,,,1,,,70.0
rotation,0.29000000000000004,-5.0,0.21027731051963391,,,1,,,54.0
rotation,0.38,-5.0,0.365078998042552,,,1,,,50.0
rotation,0.47000000000000003,-5.0,0.4116274762462975,,,1,,,46.0
rotation,0.56,-5.0,0.4878839901824474,,,1,,,49.0
rotation,0.6499999999999999,-5.0,0.5631017556968838,,,1,,,65.0
rotation,0.74,-5.0,0.6384324880100648,,,1,,,65.0
rotation,0.8300000000000001,-5.0,0.7251682772644293,,,1,,,71.0
rotation,0.9199999999999999,-5.0,0.8614952168158546,,,1,,,37.0
rotation,1.01,-5.0,0.9332682449461056,,,1,,,39.0
rotation,1.0999999999999999,-5.0,1.0095488617772719,,,1,,,35.0
rotation,1.19,-5.0,1.1260246981629354,,,1,,,34.0
rotation,1.28,-5.0,1.1280834556275205,,,1,,,56.0
rotation,1.3699999999999999,-5.0,1.2523086792085356,,,1,,,33.0
rotation,1.46,-5.0,1.3490596126096033,,,1,,,35.0
rotation,1.5499999999999998,-5.0,1.4094174809027926,,,1,,,50.0
rotation,1.64,-5.0,1.5315407299230248,,,1,,,24.0
rotation,1.73,-5.0,1.5511617947163023,,,1,,,24.0
rotation,1.8199999999999998,-5.0,1.5637295022816893,,,1,,,46.0
rotation,1.91,-5.0,1.7150695687827364,,,1,,,24.0
rotation,2.0,-5.0,1.7959029054938316,,,1,,,24.0
rotation,0.2,-4.0,0.18914105520884572,,,1,,,76.0
rotation,0.29000000000000004,-4.0,0.2396450809478876,,,1,,,62.0
rotation,0.38,-4.0,0.3863718414883041,,,1,,,71.0
rotation,0.47000000000000003,-4.0,0.4144058818020509,,,1,,,64.0
rotation,0.56,-4.0,0.4796842274180535,,,1,,,46.0
rotation,0.6499999999999999,-4.0,0.578480977255515,,,1,,,48.0
rotation,0.74,-4.0,0.6308861600864243,,,1,,,56.0
rotation,0.8300000000000001,-4.0,0.7289269694583859,,,1,,,49.0
rotation,0.9199999999999999,-4.0,0.8442830649189005,,,1,,,69.0
rotation,1.01,-4.0,0.9005275570811735,,,1,,,71.0
rotation,1.0999999999999999,-4.0,0.9995876190109803,,,1,,,40.0
rotation,1.19,-4.0,1.14608795779861,,,1,,,31.0
rotation,1.28,-4.0,1.1864504555007043,,,1,,,37.0
rotation,1.3699999999999999,-4.0,1.2069525586209557,,,1,,,50.0
rotation,1.46,-4.0,1.302882148099292,,,1,,,46.0
rotation,1.5499999999999998,-4.0,1.4328830294449062,,,1,,,26.0
rotation,1.64,-4.0,1.5299936770572355,,,1,,,20.0
rotation,1.73,-4.0,1.5960048774951698,,,1,,,32.0
rotation,1.8199999999999998,-4.0,1.6346456263646412,,,1,,,24.0
rotation,1.91,-4.0,1.6883879543390343,,,1,,,22.0
rotation,2.0,-4.0,1.8140674199059719,,,1,,,22.0
rotation,0.2,-3.0,0.15630330237520215,,,1,,,69.0
rotation,0.29000000000000004,-3.0,0.18881573757288436,,,1,,,72.0
rotation,0.38,-3.0,0.28581495575488297,,,1,,,54.0
rotation,0.47000000000000003,-3.0,0.4356624558154894,,,1,,,42.0
rotation,0.56,-3.0,0.45948113076026864,,,1,,,51.0
rotation,0.6499999999999999,-3.0,0.5452252542428067,,,1,,,48.0
rotation,0.74,-3.0,0.6116077551893829,,,1,,,67.0
rotation,0.8300000000000001,-3.0,0.7053504364199724,,,1,,,58.0
rotation,0.9199999999999999,-3.0,0.8135603449120782,,,1,,,29.0
rotation,1.01,-3.0,0.8604830525318633,,,1,,,52.0
rotation,1.0999999999999999,-3.0,1.0515192692600088,,,1,,,29.0
rotation,1.19,-3.0,1.0577895249646125,,,1,,,42.0
rotation,1.28,-3.0,1.1812644298211297,,,1,,,35.0
rotation,1.3699999999999999,-3.0,1.2634725927021666,,,1,,,28.0
rotation,1.46,-3.0,1.345936290954616,,,1,,,18.0
rotation,1.5499999999999998,-3.0,1.4555110230609563,,,1,,,33.0
rotation,1.64,-3.0,1.4475903347613988,,,1,,,29.0
rotation,1.73,-3.0,1.556556028646776,,,1,,,20.0
rotation,1.8199999999999998,-3.0,1.6452899250414577,,,1,,,17.0
rotation,1.91,-3.0,1.7258146329117252,,,1,,,18.0
rotation,2.0,-3.0,1.7870614703033751,,,1,,,23.0
rotation,0.2,-2.0,0.1579287751831968,,,1,,,55.0
rotation,0.29000000000000004,-2.0,0.16452730915544525,,,1,,,70.0
rotation,0.38,-2.0,0.2596933997112931,,,1,,,77.0
rotation,0.47000000000000003,-2.0,0.4155834951762243,,,1,,,45.0
rotation,0.56,-2.0,0.4072896302617899,,,1,,,44.0
rotation,0.6499999999999999,-2.0,0.5399197953988814,,,1,,,51.0
rotation,0.74,-2.0,0.61191331375166,,,1,,,71.0
rotation,0.8300000000000001,-2.0,0.708591419322909,,,1,,,63.0
rotation,0.9199999999999999,-2.0,0.8158122497019722,,,1,,,21.0
rotation,1.01,-2.0,0.8675278741882183,,,1,,,56.0
rotation,1.0999999999999999,-2.0,0.9753779617554549,,,1,,,48.0
rotation,1.19,-2.0,1.1065196464811045,,,1,,,33.0
rotation,1.28,-2.0,1.1614951485556624,,,1,,,37.0
rotation,1.3699999999999999,-2.0,1.256602152991004,,,1,,,25.0
rotation,1.46,-2.0,1.3258871749364,,,1,,,33.0
rotation,1.5499999999999998,-2.0,1.4247647294805246,,,1,,,22.0
rotation,1.64,-2.0,1.5087199167430168,,,1,,,23.0
rotation,1.73,-2.0,1.5512257887695593,,,1,,,34.0
rotation,1.8199999999999998,-2.0,1.6344843950767398,,,1,,,34.0
rotation,1.91,-2.0,1.6546180897306855,,,1,,,21.0
rotation,2.0,-2.0,1.7480213449564779,,,1,,,25.0
rotation,0.2,-1.0,0.12061464161781281,,,1,,,82.0
rotation,0.29000000000000004,-1.0,0.16152398375091612,,,1,,,73.0
rotation,0.38,-1.0,0.22948396575513863,,,1,,,79.0
rotation,0.47000000000000003,-1.0,0.37125115211175913,,,1,,,50.0
rotation,0.56,-1.0,0.4135115721051534,,,1,,,43.0
rotation,0.6499999999999999,-1.0,0.5652152195938956,,,1,,,49.0
rotation,0.74,-1.0,0.5915413370261033,,,1,,,50.0
rotation,0.8300000000000001,-1.0,0.7166520055498298,,,1,,,56.0
rotation,0.9199999999999999,-1.0,0.7913165570759505,,,1,,,40.0
rotation,1.01,-1.0,0.8562298454172482,,,1,,,71.0
rotation,1.0999999999999999,-1.0,0.9982682741080454,,,1,,,31.0
rotation,1.19,-1.0,1.0453884808835996,,,1,,,32.0
rotation,1.28,-1.0,1.1591280698161057,,,1,,,27.0
rotation,1.3699999999999999,-1.0,1.1955363644302752,,,1,,,62.0
rotation,1.46,-1.0,1.3115005808067968,,,1,,,24.0
rotation,1.5499999999999998,-1.0,1.4043498300586057,,,1,,,23.0
rotation,1.64,-1.0,1.4731203147483836,,,1,,,29.0
rotation,1.73,-1.0,1.5733064621029766,,,1,,,24.0
rotation,1.8199999999999998,-1.0,1.5818772520083615,,,1,,,37.0
rotation,1.91,-1.0,1.6985288520295778,,,1,,,19.0
rotation,2.0,-1.0,1.736348826451243,,,1,,,23.0
rotation,0.2,0.0,0.14688252606942206,,,1,,,92.0
rotation,0.29000000000000004,0.0,0.1535667652499433,,,1,,,75.0
rotation,0.38,0.0,0.311277349324099,,,1,,,44.0
rotation,0.47000000000000003,0.0,0.3391647848821055,,,1,,,50.0
rotation,0.56,0.0,0.41467252295160617,,,1,,,48.0
rotation,0.6499999999999999,0.0,0.5028404245552965,,,1,,,52.0
rotation,0.74,0.0,0.599193957750976,,,1,,,53.0
rotation,0.8300000000000001,0.0,0.6766078798304265,,,1,,,26.0
rotation,0.9199999999999999,0.0,0.7804577534101534,,,1,,,59.0
rotation,1.01,0.0,0.8671821185260606,,,1,,,31.0
rotation,1.0999999999999999,0.0,1.011201086348318,,,1,,,34.0
rotation,1.19,0.0,1.0784823153190501,,,1,,,27.0
rotation,1.28,0.0,1.1245973846281612,,,1,,,43.0
rotation,1.3699999999999999,0.0,1.2218804731894275,,,1,,,23.0
rotation,1.46,0.0,1.332709750470723,,,1,,,39.0
rotation,1.5499999999999998,0.0,1.3803090667379498,,,1,,,24.0
rotation,1.64,0.0,1.491735454867145,,,1,,,19.0
rotation,1.73,0.0,1.550883825385579,,,1,,,25.0
rotation,1.8199999999999998,0.0,1.5907175367496074,,,1,,,26.0
rotation,1.91,0.0,1.6367043426827932,,,1,,,26.0
rotation,2.0,0.0,1.7041256963901532,,,1,,,23.0
rotation,0.2,1.0,0.14779881708594975,,,1,,,74.0
rotation,0.29000000000000004,1.0,0.11392301557401152,,,1,,,85.0
rotation,0.38,1.0,0.22230390229557387,,,1,,,56.0
rotation,0.47000000000000003,1.0,0.3060056788278855,,,1,,,72.0
rotation,0.56,1.0,0.4211152559245268,,,1,,,38.0
rotation,0.6499999999999999,1.0,0.4662342192264688,,,1,,,50.0
rotation,0.74,1.0,0.6028073955467292,,,1,,,27.0
rotation,0.8300000000000001,1.0,0.6698815328455976,,,1,,,55.0
rotation,0.9199999999999999,1.0,0.7542912884016532,,,1,,,44.0
rotation,1.01,1.0,0.8903228537900286,,,1,,,30.0
rotation,1.0999999999999999,1.0,0.9476383064402597,,,1,,,28.0
rotation,1.19,1.0,1.042423968509884,,,1,,,35.0
rotation,1.28,1.0,1.1239241869205256,,,1,,,37.0
rotation,1.3699999999999999,1.0,1.167493864436186,,,1,,,53.0
rotation,1.46,1.0,1.320267512658954,,,1,,,31.0
rotation,1.5499999999999998,1.0,1.3955910426499092,,,1,,,25.0
rotation,1.64,1.0,1.5149005404058038,,,1,,,17.0
rotation,1.73,1.0,1.5683790717963106,,,1,,,19.0
rotation,1.8199999999999998,1.0,1.5720000273506827,,,1,,,28.0
rotation,1.91,1.0,1.63252067714042,,,1,,,21.0
rotation,2.0,1.0,1.6222306153498256,,,1,,,25.0
rotation,0.2,2.0,0.1040167029397841,,,1,,,71.0
rotation,0.29000000000000004,2.0,0.1587146160425701,,,1,,,45.0
rotation,0.38,2.0,0.28647482326199714,,,1,,,42.0
rotation,0.47000000000000003,2.0,0.30790682269329456,,,1,,,49.0
rotation,0.56,2.0,0.40420043011499124,,,1,,,52.0
rotation,0.6499999999999999,2.0,0.4699027054446751,,,1,,,55.0
rotation,0.74,2.0,0.5714425374955089,,,1,,,52.0
rotation,0.8300000000000001,2.0,0.6581474745699251,,,1,,,53.0
rotation,0.9199999999999999,2.0,0.7639952412214989,,,1,,,57.0
rotation,1.01,2.0,0.8620384864006168,,,1,,,29.0
rotation,1.0999999999999999,2.0,0.9610707222865477,,,1,,,34.0
rotation,1.19,2.0,1.0753810004146394,,,1,,,32.0
rotation,1.28,2.0,1.1319211043304471,,,1,,,27.0
rotation,1.3699999999999999,2.0,1.2048762804862072,,,1,,,26.0
rotation,1.46,2.0,1.3118979122316674,,,1,,,27.0
rotation,1.5499999999999998,2.0,1.3829173628390323,,,1,,,27.0
rotation,1.64,2.0,1.479567307976647,,,1,,,26.0
rotation,1.73,2.0,1.4663279716577435,,,1,,,45.0
rotation,1.8199999999999998,2.0,1.5480655605437181,,,1,,,34.0
rotation,1.91,2.0,1.5315827181266932,,,1,,,34.0
rotation,2.0,2.0,1.4220553224584334,,,1,,,23.0
rotation,0.2,3.0,0.09126596500974497,,,1,,,71.0
rotation,0.29000000000000004,3.0,0.137271435082574,,,1,,,45.0
rotation,0.38,3.0,0.2449971949746652,,,1,,,74.0
rotation,0.47000000000000003,3.0,0.33609933614640725,,,1,,,35.0
rotation,0.56,3.0,0.37765287872893105,,,1,,,44.0
rotation,0.6499999999999999,3.0,0.4779428294988978,,,1,,,31.0
rotation,0.74,3.0,0.5735961473316459,,,1,,,49.0
rotation,0.8300000000000001,3.0,0.6574318227154096,,,1,,,50.0
rotation,0.9199999999999999,3.0,0.7562115171723832,,,1,,,44.0
rotation,1.01,3.0,0.8521273475617367,,,1,,,31.0
rotation,1.0999999999999999,3.0,0.9151307929791596,,,1,,,31.0
rotation,1.19,3.0,1.0628111913887814,,,1,,,30.0
rotation,1.28,3.0,1.115680218273578,,,1,,,35.0
rotation,1.3699999999999999,3.0,1.155363094683176,,,1,,,28.0
rotation,1.46,3.0,1.2912902443181558,,,1,,,24.0
rotation,1.5499999999999998,3.0,1.3075792236852344,,,1,,,28.0
rotation,1.64,3.0,1.4417804813000208,,,1,,,23.0
rotation,1.73,3.0,1.434558730574267,,,1,,,19.0
rotation,1.8199999999999998,3.0,1.4675700100611013,,,1,,,55.0
rotation,1.91,3.0,1.5380970241964225,,,1,,,26.0
rotation,2.0,3.0,1.5312205899131512,,,1,,,31.0
rotation,0.2,4.0,0.06771815071016477,,,1,,,80.0
rotation,0.29000000000000004,4.0,0.09381083797989981,,,1,,,60.0
rotation,0.38,4.0,0.22176468194248047,,,1,,,56.0
rotation,0.47000000000000003,4.0,0.33295660636084845,,,1,,,65.0
rotation,0.56,4.0,0.36784179345991824,,,1,,,48.0
rotation,0.6499999999999999,4.0,0.46493314175683675,,,1,,,64.0
rotation,0.74,4.0,0.5520422164589817,,,1,,,49.0
rotation,0.8300000000000001,4.0,0.6335878934506253,,,1,,,41.0
rotation,0.9199999999999999,4.0,0.7280057271662894,,,1,,,64.0
rotation,1.01,4.0,0.8440369716743495,,,1,,,29.0
rotation,1.0999999999999999,4.0,0.9346228309339041,,,1,,,30.0
rotation,1.19,4.0,1.0175862966226346,,,1,,,28.0
rotation,1.28,4.0,1.067317580080858,,,1,,,31.0
rotation,1.3699999999999999,4.0,1.1519931630337255,,,1,,,49.0
rotation,1.46,4.0,1.227779412923191,,,1,,,46.0
rotation,1.5499999999999998,4.0,1.2544392969851559,,,1,,,55.0
rotation,1.64,4.0,1.3656720532559017,,,1,,,32.0
rotation,1.73,4.0,1.4351436708387075,,,1,,,28.0
rotation,1.8199999999999998,4.0,1.4323976741921136,,,1,,,49.0
rotation,1.91,4.0,1.5349799369334722,,,1,,,30.0
rotation,2.0,4.0,1.394991501209964,,,1,,,32.0
rotation,0.2,5.0,0.04453150401247132,,,1,,,46.0
rotation,0.29000000000000004,5.0,0.10422136113061276,,,1,,,63.0
rotation,0.38,5.0,0.23391939282538987,,,1,,,68.0
rotation,0.47000000000000003,5.0,0.33401975616829294,,,1,,,61.0
rotation,0.56,5.0,0.43094636706726114,,,1,,,35.0
rotation,0.6499999999999999,5.0,0.44516919719391074,,,1,,,63.0
rotation,0.74,5.0,0.5570967449231732,,,1,,,50.0
rotation,0.8300000000000001,5.0,0.6289000343551866,,,1,,,45.0
rotation,0.9199999999999999,5.0,0.7291582188502991,,,1,,,33.0
rotation,1.01,5.0,0.832952241991635,,,1,,,34.0
rotation,1.0999999999999999,5.0,0.9216433766310175,,,1,,,35.0
rotation,1.19,5.0,1.010050435998066,,,1,,,45.0
rotation,1.28,5.0,1.0778077566015825,,,1,,,41.0
rotation,1.3699999999999999,5.0,1.1668377307968516,,,1,,,40.0
rotation,1.46,5.0,1.2206660786513508,,,1,,,50.0
rotation,1.5499999999999998,5.0,1.327147589843295,,,1,,,21.0
rotation,1.64,5.0,1.3823127384667415,,,1,,,26.0
rotation,1.73,5.0,1.4116719882065072,,,1,,,34.0
rotation,1.8199999999999998,5.0,1.4070860522101085,,,1,,,22.0
rotation,1.91,5.0,1.4809713736671835,,,1,,,36.0
rotation,2.0,5.0,1.3684262386706096,,,1,,,37.0
rotation,0.2,6.0,0.04831710582709142,,,1,,,50.0
rotation,0.29000000000000004,6.0,0.06907766086448591,,,1,,,53.0
rotation,0.38,6.0,0.20494322642702956,,,1,,,78.0
rotation,0.47000000000000003,6.0,0.27122928436424426,,,1,,,71.0
rotation,0.56,6.0,0.3457076968803993,,,1,,,53.0
rotation,0.6499999999999999,6.0,0.4658727022118361,,,1,,,58.0
rotation,0.74,6.0,0.5630468975336209,,,1,,,68.0
rotation,0.8300000000000001,6.0,0.6193333020216834,,,1,,,51.0
rotation,0.9199999999999999,6.0,0.7230596212930552,,,1,,,29.0
rotation,1.01,6.0,0.8102877275700001,,,1,,,26.0
rotation,1.0999999999999999,6.0,0.9158838565622145,,,1,,,30.0
rotation,1.19,6.0,1.0135861972035587,,,1,,,32.0
rotation,1.28,6.0,1.0400575885801007,,,1,,,31.0
rotation,1.3699999999999999,6.0,1.0862247300819166,,,1,,,29.0
rotation,1.46,6.0,1.2295488748127428,,,1,,,38.0
rotation,1.5499999999999998,6.0,1.267794284315835,,,1,,,19.0
rotation,1.64,6.0,1.3159810537067504,,,1,,,32.0
rotation,1.73,6.0,1.3616007414281572,,,1,,,34.0
rotation,1.8199999999999998,6.0,1.3627891898231868,,,1,,,38.0
rotation,1.91,6.0,1.299787880583345,,,1,,,40.0
rotation,2.0,6.0,0.0,,,0,,,15.0
rotation,0.2,7.0,0.07200872923560854,,,1,,,47.0
rotation,0.29000000000000004,7.0,0.048182273660601675,,,1,,,56.0
rotation,0.38,7.0,0.17301178916709556,,,1,,,47.0
rotation,0.47000000000000003,7.0,0.33253381892508593,,,1,,,25.0
rotation,0.56,7.0,0.37460037634160187,,,1,,,44.0
rotation,0.6499999999999999,7.0,0.4662237216898686,,,1,,,57.0
rotation,0.74,7.0,0.5517344955880656,,,1,,,44.0
rotation,0.8300000000000001,7.0,0.5964462988287984,,,1,,,52.0
rotation,0.9199999999999999,7.0,0.727948082850823,,,1,,,37.0
rotation,1.01,7.0,0.814281476601134,,,1,,,26.0
rotation,1.0999999999999999,7.0,0.9007784792978314,,,1,,,36.0
rotation,1.19,7.0,0.976055784108393,,,1,,,27.0
rotation,1.28,7.0,1.01885780032054,,,1,,,29.0
rotation,1.3699999999999999,7.0,1.1268807628514146,,,1,,,46.0
rotation,1.46,7.0,1.0922934104268454,,,1,,,27.0
rotation,1.5499999999999998,7.0,1.1575051725011392,,,1,,,26.0
rotation,1.64,7.0,1.3360664811559972,,,1,,,31.0
rotation,1.73,7.0,1.2008574631180433,,,1,,,47.0
rotation,1.8199999999999998,7.0,1.3218508202770867,,,1,,,36.0
rotation,1.91,7.0,1.3353322039386517,,,1,,,43.0
rotation,2.0,7.0,0.0,,,0,,,33.0
rotation,0.2,8.0,0.0,,,0,,,63.0
rotation,0.29000000000000004,8.0,0.06932724660326578,,,1,,,67.0
rotation,0.38,8.0,0.1728740818811926,,,1,,,38.0
rotation,0.47000000000000003,8.0,0.2842887058148691,,,1,,,61.0
rotation,0.56,8.0,0.3551858112751755,,,1,,,38.0
rotation,0.6499999999999999,8.0,0.41737322917651576,,,1,,,51.0
rotation,0.74,8.0,0.5347601420626308,,,1,,,60.0
rotation,0.8300000000000001,8.0,0.6161460845910214,,,1,,,64.0
rotation,0.9199999999999999,8.0,0.7134610768268465,,,1,,,69.0
rotation,1.01,8.0,0.7810168948405702,,,1,,,64.0
rotation,1.0999999999999999,8.0,0.8896225408218562,,,1,,,31.0
rotation,1.19,8.0,0.942935211018085,,,1,,,31.0
rotation,1.28,8.0,1.02335391548692,,,1,,,30.0
rotation,1.3699999999999999,8.0,1.071436677429033,,,1,,,44.0
rotation,1.46,8.0,1.0429151504334409,,,1,,,48.0
rotation,1.5499999999999998,8.0,1.162567075234901,,,1,,,34.0
rotation,1.64,8.0,1.2581355416917248,,,1,,,28.0
rotation,1.73,8.0,1.2840059861196436,,,1,,,23.0
rotation,1.8199999999999998,8.0,1.2094301567405819,,,1,,,48.0
rotation,1.91,8.0,1.2071479322228342,,,1,,,61.0
rotation,2.0,8.0,0.0,,,0,,,8.0
rotation,0.2,9.0,0.030151582002452715,,,1,,,54.0
rotation,0.29000000000000004,9.0,0.06393930229450119,,,1,,,70.0
rotation,0.38,9.0,0.14674006623675412,,,1,,,84.0
rotation,0.47000000000000003,9.0,0.294838476834191,,,1,,,28.0
rotation,0.56,9.0,0.34696551968063516,,,1,,,49.0
rotation,0.6499999999999999,9.0,0.43700491937811475,,,1,,,59.0
rotation,0.74,9.0,0.5321271553225834,,,1,,,64.0
rotation,0.8300000000000001,9.0,0.6266092457506298,,,1,,,65.0
rotation,0.9199999999999999,9.0,0.6917230505976054,,,1,,,46.0
rotation,1.01,9.0,0.7657897635928737,,,1,,,58.0
rotation,1.0999999999999999,9.0,0.8343881735512784,,,1,,,40.0
rotation,1.19,9.0,0.812082166239819,,,1,,,40.0
rotation,1.28,9.0,0.9372055613862699,,,1,,,40.0
rotation,1.3699999999999999,9.0,1.0007471607653995,,,1,,,47.0
rotation,1.46,9.0,1.0480100020706595,,,1,,,38.0
rotation,1.5499999999999998,9.0,1.0080911768712222,,,1,,,29.0
rotation,1.64,9.0,0.8704974979079907,,,1,,,43.0
rotation,1.73,9.0,1.1907613695079056,,,1,,,37.0
rotation,1.8199999999999998,9.0,0.0,,,0,,,42.0
rotation,1.91,9.0,0.0,,,0,,,11.0
rotation,2.0,9.0,0.0,,,0,,,11.0
rotation,0.2,10.0,0.0033027633583109775,,,1,,,53.0
rotation,0.29000000000000004,10.0,0.05095147939934003,,,1,,,70.0
rotation,0.38,10.0,0.16603170523353586,,,1,,,52.0
rotation,0.47000000000000003,10.0,0.2745134121307878,,,1,,,37.0
rotation,0.56,10.0,0.32581931823863775,,,1,,,49.0
rotation,0.6499999999999999,10.0,0.4353658766949466,,,1,,,39.0
rotation,0.74,10.0,0.5166764843681911,,,1,,,48.0
rotation,0.8300000000000001,10.0,0.6051707654597673,,,1,,,42.0
rotation,0.9199999999999999,10.0,0.6858499014300122,,,1,,,52.0
rotation,1.01,10.0,0.7731298907432277,,,1,,,39.0
rotation,1.0999999999999999,10.0,0.7903678357048577,,,1,,,39.0
rotation,1.19,10.0,0.8095363793823324,,,1,,,37.0
rotation,1.28,10.0,0.8868205527403633,,,1,,,34.0
rotation,1.3699999999999999,10.0,0.9222066437267781,,,1,,,41.0
rotation,1.46,10.0,0.8679376159788039,,,1,,,36.0
rotation,1.5499999999999998,10.0,1.0059069757504315,,,1,,,31.0
rotation,1.64,10.0,1.0568824956699618,,,1,,,43.0
rotation,1.73,10.0,0.0,,,0,,,21.0
rotation,1.8199999999999998,10.0,0.0,,,0,,,39.0
rotation,1.91,10.0,0.0,,,0,,,29.0
rotation,2.0,10.0,0.0,,,0,,,7.0
rotation,0.2,11.0,0.0,,,0,,,57.0
rotation,0.29000000000000004,11.0,0.06347475586325972,,,1,,,74.0
rotation,0.38,11.0,0.1351179357354894,,,1,,,51.0
rotation,0.47000000000000003,11.0,0.24787767948267506,,,1,,,59.0
rotation,0.56,11.0,0.30915721028596316,,,1,,,49.0
rotation,0.6499999999999999,11.0,0.41971100649309584,,,1,,,57.0
rotation,0.74,11.0,0.5011831690948416,,,1,,,47.0
rotation,0.8300000000000001,11.0,0.578635609151393,,,1,,,66.0
rotation,0.9199999999999999,11.0,0.6771455978828609,,,1,,,41.0
rotation,1.01,11.0,0.6872953701819338,,,1,,,42.0
rotation,1.0999999999999999,11.0,0.7474486085832237,,,1,,,36.0
rotation,1.19,11.0,0.7993796260584842,,,1,,,40.0
rotation,1.28,11.0,0.7692455721534359,,,1,,,57.0
rotation,1.3699999999999999,11.0,0.8653920696654124,,,1,,,53.0
rotation,1.46,11.0,0.8693447850866983,,,1,,,54.0
rotation,1.5499999999999998,11.0,0.8409353769598176,,,1,,,37.0
rotation,1.64,11.0,0.0,,,0,,,17.0
rotation,1.73,11.0,1.0221041928802173,,,1,,,29.0
rotation,1.8199999999999998,11.0,0.0,,,0,,,34.0
rotation,1.91,11.0,0.0,,,0,,,29.0
rotation,2.0,11.0,0.0,,,0,,,28.0
rotation,0.2,12.0,0.0,,,0,,,56.0
rotation,0.29000000000000004,12.0,0.04047675916283655,,,1,,,68.0
rotation,0.38,12.0,0.1367353533860149,,,1,,,61.0
rotation,0.47000000000000003,12.0,0.20872461392057717,,,1,,,81.0
rotation,0.56,12.0,0.35167175970561154,,,1,,,54.0
rotation,0.6499999999999999,12.0,0.41841289574097157,,,1,,,69.0
rotation,0.74,12.0,0.46184226988163496,,,1,,,36.0
rotation,0.8300000000000001,12.0,0.5624711025357717,,,1,,,63.0
rotation,0.9199999999999999,12.0,0.6375051843563512,,,1,,,64.0
rotation,1.01,12.0,0.6631834807021367,,,1,,,48.0
rotation,1.0999999999999999,12.0,0.7017544095573319,,,1,,,48.0
rotation,1.19,12.0,0.7180400494837782,,,1,,,33.0
rotation,1.28,12.0,0.0,,,0,,,19.0
rotation,1.3699999999999999,12.0,0.7593390733934773,,,1,,,38.0
rotation,1.46,12.0,0.7640574362603973,,,1,,,62.0
rotation,1.5499999999999998,12.0,0.0,,,0,,,22.0
rotation,1.64,12.0,0.0,,,0,,,20.0
rotation,1.73,12.0,0.0,,,0,,,18.0
rotation,1.8199999999999998,12.0,0.0,,,0,,,43.0
rotation,1.91,12.0,0.0,,,0,,,23.0
rotation,2.0,12.0,0.0,,,0,,,6.0
rotation,0.2,13.0,0.0,,,0,,,62.0
rotation,0.29000000000000004,13.0,0.04487577147663487,,,1,,,66.0
rotation,0.38,13.0,0.14762866839408736,,,1,,,77.0
rotation,0.47000000000000003,13.0,0.19256795445537556,,,1,,,62.0
rotation,0.56,13.0,0.2928239332540911,,,1,,,25.0
rotation,0.6499999999999999,13.0,0.3396555099534118,,,1,,,36.0
rotation,0.74,13.0,0.42075693859897695,,,1,,,44.0
rotation,0.8300000000000001,13.0,0.5404641517665054,,,1,,,54.0
rotation,0.9199999999999999,13.0,0.639249773449973,,,1,,,39.0
rotation,1.01,13.0,0.5680786824694436,,,1,,,41.0
rotation,1.0999999999999999,13.0,0.4817332397545218,,,1,,,42.0
rotation,1.19,13.0,0.533235631871371,,,1,,,49.0
rotation,1.28,13.0,0.40806661507814274,,,1,,,46.0
rotation,1.3699999999999999,13.0,0.0,,,0,,,17.0
rotation,1.46,13.0,0.0,,,0,,,23.0
rotation,1.5499999999999998,13.0,0.0,,,0,,,62.0
rotation,1.64,13.0,0.6435293965145577,,,1,,,46.0
rotation,1.73,13.0,0.0,,,0,,,42.0
rotation,1.8199999999999998,13.0,0.0,,,0,,,31.0
rotation,1.91,13.0,0.0,,,0,,,5.0
rotation,2.0,13.0,0.0,,,0,,,10.0
rotation,0.2,14.0,0.0,,,0,,,64.0
rotation,0.29000000000000004,14.0,0.06004337224171546,,,1,,,93.0
rotation,0.38,14.0,0.10747909209255178,,,1,,,79.0
rotation,0.47000000000000003,14.0,0.1777173537113762,,,1,,,54.0
rotation,0.56,14.0,0.2287262863115449,,,1,,,54.0
rotation,0.6499999999999999,14.0,0.3617129517215376,,,1,,,43.0
rotation,0.74,14.0,0.4431284948219643,,,1,,,50.0
rotation,0.8300000000000001,14.0,0.4047678710725586,,,1,,,75.0
rotation,0.9199999999999999,14.0,0.5519986769912593,,,1,,,60.0
rotation,1.01,14.0,0.5239785190930597,,,1,,,72.0
rotation,1.0999999999999999,14.0,0.579819372801329,,,1,,,42.0
rotation,1.19,14.0,0.5105553332068467,,,1,,,48.0
rotation,1.28,14.0,0.6061793744226183,,,1,,,28.0
rotation,1.3699999999999999,14.0,0.0,,,0,,,59.0
rotation,1.46,14.0,0.6557418195899898,,,1,,,47.0
rotation,1.5499999999999998,14.0,0.0,,,0,,,44.0
rotation,1.64,14.0,0.0,,,0,,,20.0
rotation,1.73,14.0,0.0,,,0,,,12.0
rotation,1.8199999999999998,14.0,0.0,,,0,,,24.0
rotation,1.91,14.0,0.0,,,0,,,11.0
rotation,2.0,14.0,0.0,,,0,,,4.0
rotation,0.2,15.0,0.0,,,0,,,79.0
rotation,0.29000000000000004,15.0,0.04661182327332416,,,1,,,78.0
rotation,0.38,15.0,0.08371375668713067,,,1,,,83.0
rotation,0.47000000000000003,15.0,0.1749426045096815,,,1,,,29.0
rotation,0.56,15.0,0.1877374627352996,,,1,,,51.0
rotation,0.6499999999999999,15.0,0.2958621815817919,,,1,,,54.0
rotation,0.74,15.0,0.335287489829781,,,1,,,49.0
rotation,0.8300000000000001,15.0,0.4124257202800878,,,1,,,48.0
rotation,0.9199999999999999,15.0,0.3940024728505751,,,1,,,78.0
rotation,1.01,15.0,0.5238148160363212,,,1,,,55.0
rotation,1.0999999999999999,15.0,0.3258953257936097,,,1,,,52.0
rotation,1.19,15.0,0.4755864721283186,,,1,,,14.0
rotation,1.28,15.0,0.0,,,0,,,7.0
rotation,1.3699999999999999,15.0,0.0,,,0,,,31.0
rotation,1.46,15.0,0.0,,,0,,,48.0
rotation,1.5499999999999998,15.0,0.0,,,0,,,33.0
rotation,1.64,15.0,0.0,,,0,,,20.0
rotation,1.73,15.0,0.0,,,0,,,12.0
rotation,1.8199999999999998,15.0,0.0,,,0,,,11.0
rotation,1.91,15.0,0.0,,,0,,,20.0
rotation,2.0,15.0,0.0,,,0,,,7.0
