generator,test_idx,speed,r_leg,l_leg,mse,dtw,fft
fft_mlp_review,1033,0.3732557652971705,0.8370497822761536,0.8500540852546692,0.04030769820484049,0.4748563635737075,0.9344693125246222
fft_mlp,1033,0.3732557652971705,0.8370497822761536,0.8500540852546692,0.07091336421387483,0.307571935761624,0.8036160952628078
fft_mlp_old,1033,0.3732557652971705,0.8370497822761536,0.8500540852546692,0.0709010100475264,0.30996533163328166,0.8664263962398498
raw_mocap,1033,0.3732557652971705,0.8370497822761536,0.8500540852546692,0.07270383738402372,0.5208067581951081,1.2292708291617338
cubic_spline,1033,0.3732557652971705,0.8370497822761536,0.8500540852546692,0.07333251981873408,0.43015360010657516,0.8061553972386033
cpg_matsuoka,1033,0.3732557652971705,0.8370497822761536,0.8500540852546692,0.05097350902010356,0.5410513656028221,2.056416962962148
fft_mlp_review,39,2.045375259049976,0.7743836045265198,0.7702332735061646,0.04827499416237008,0.4889062562439894,1.2112534640102437
fft_mlp,39,2.045375259049976,0.7743836045265198,0.7702332735061646,0.005673453115019777,0.14260349163864852,0.4886452043765184
fft_mlp_old,39,2.045375259049976,0.7743836045265198,0.7702332735061646,0.0034346924151154967,0.11326789896530538,0.3693998434193346
raw_mocap,39,2.045375259049976,0.7743836045265198,0.7702332735061646,0.008045990250296947,0.1706471763284004,0.5385314972651681
cubic_spline,39,2.045375259049976,0.7743836045265198,0.7702332735061646,0.010226267723815812,0.2088212397962836,0.7189366437361645
cpg_matsuoka,39,2.045375259049976,0.7743836045265198,0.7702332735061646,0.10223870163320432,0.7724282549348419,2.5466505867320284
fft_mlp_review,339,0.6472529590578008,0.8192465901374817,0.8261839747428894,0.04132210103864132,0.4577228995548759,0.9189471659765487
fft_mlp,339,0.6472529590578008,0.8192465901374817,0.8261839747428894,0.011874575139149019,0.136555646328485,0.41107749723153003
fft_mlp_old,339,0.6472529590578008,0.8192465901374817,0.8261839747428894,0.011247623244689675,0.12628611394513573,0.31875040376123137
raw_mocap,339,0.6472529590578008,0.8192465901374817,0.8261839747428894,0.007448813890457581,0.13673916311399384,0.5572432770498613
cubic_spline,339,0.6472529590578008,0.8192465901374817,0.8261839747428894,0.014951933809527891,0.1569354732135985,0.5213711500146497
cpg_matsuoka,339,0.6472529590578008,0.8192465901374817,0.8261839747428894,0.07210983266925002,0.6336067956919781,2.257962728248421
fft_mlp_review,961,0.9200383994785056,0.79127436876297,0.7877861261367798,0.015838012169910615,0.2749942914916965,0.7767011088328969
fft_mlp,961,0.9200383994785056,0.79127436876297,0.7877861261367798,0.0019742499389459305,0.10021799738449806,0.308068198413827
fft_mlp_old,961,0.9200383994785056,0.79127436876297,0.7877861261367798,0.0006321086644204362,0.05863449985020037,0.15922522974660505
raw_mocap,961,0.9200383994785056,0.79127436876297,0.7877861261367798,0.03224680253926873,0.2824375190238945,0.7817804847290154
cubic_spline,961,0.9200383994785056,0.79127436876297,0.7877861261367798,0.006764975730533955,0.14763575479880184,0.47631776368414896
cpg_matsuoka,961,0.9200383994785056,0.79127436876297,0.7877861261367798,0.07768663018443477,0.6637401461537698,2.4125342767134113
fft_mlp_review,525,0.885204331592847,0.7341349720954895,0.7153636813163757,0.01711555166699291,0.24783079837536678,0.7069664075611176
fft_mlp,525,0.885204331592847,0.7341349720954895,0.7153636813163757,0.016374880327099467,0.08839758735500894,0.1647677311783711
fft_mlp_old,525,0.885204331592847,0.7341349720954895,0.7153636813163757,0.017570687205196348,0.07337899634757958,0.17429402765194354
raw_mocap,525,0.885204331592847,0.7341349720954895,0.7153636813163757,0.011215337761718994,0.12245649357258927,0.3329385314318177
cubic_spline,525,0.885204331592847,0.7341349720954895,0.7153636813163757,0.009634811149695416,0.12280353948805724,0.3630211846419331
cpg_matsuoka,525,0.885204331592847,0.7341349720954895,0.7153636813163757,0.06728873587324781,0.6157142977878635,2.153045136444096
fft_mlp_review,189,1.050571823120117,0.8966478109359741,0.8902934789657593,0.015093296964608623,0.26119737076585825,0.7240552133983459
fft_mlp,189,1.050571823120117,0.8966478109359741,0.8902934789657593,0.018519722664311542,0.15074931550081444,0.41131819661706404
fft_mlp_old,189,1.050571823120117,0.8966478109359741,0.8902934789657593,0.016688273353107193,0.09611708798316462,0.18149009067736868
raw_mocap,189,1.050571823120117,0.8966478109359741,0.8902934789657593,0.03276255208690188,0.2844042019839426,0.8333958398693989
cubic_spline,189,1.050571823120117,0.8966478109359741,0.8902934789657593,0.01371947837027872,0.19015451897115748,0.5534774810390529
cpg_matsuoka,189,1.050571823120117,0.8966478109359741,0.8902934789657593,0.06701768403781964,0.6220126262829092,2.1570066305781253
fft_mlp_review,732,1.2044137034696691,0.8427228331565857,0.8473520874977112,0.017662453102302675,0.25407431148792087,0.7128208708370919
fft_mlp,732,1.2044137034696691,0.8427228331565857,0.8473520874977112,0.007768321647776224,0.12339792975235889,0.329095201325332
fft_mlp_old,732,1.2044137034696691,0.8427228331565857,0.8473520874977112,0.006959904612636055,0.11961536439630865,0.33779117449960666
raw_mocap,732,1.2044137034696691,0.8427228331565857,0.8473520874977112,0.006775211836981175,0.07910489319009753,0.2098407669748766
cubic_spline,732,1.2044137034696691,0.8427228331565857,0.8473520874977112,0.005671742137354008,0.13809203812883025,0.43374943962308654
cpg_matsuoka,732,1.2044137034696691,0.8427228331565857,0.8473520874977112,0.08304561763803665,0.67914940741982,2.530363199560773
fft_mlp_review,5,0.40696708700333273,0.7312095761299133,0.7348682284355164,0.03648797178198688,0.438200285757846,1.148329592373436
fft_mlp,5,0.40696708700333273,0.7312095761299133,0.7348682284355164,0.020893674721113743,0.30115587184332854,0.8778811555527904
fft_mlp_old,5,0.40696708700333273,0.7312095761299133,0.7348682284355164,0.002980228564119889,0.10676436422929227,0.2781902314796549
raw_mocap,5,0.40696708700333273,0.7312095761299133,0.7348682284355164,0.1292390290576927,0.6447090515579397,0.9649237769103896
cubic_spline,5,0.40696708700333273,0.7312095761299133,0.7348682284355164,0.12170208222674757,0.5762441219005326,1.057644767996737
cpg_matsuoka,5,0.40696708700333273,0.7312095761299133,0.7348682284355164,0.0573869409557202,0.5772923536195236,2.033259657052873
fft_mlp_review,442,1.0313938683476942,0.8017832636833191,0.8062092661857605,0.013026876174399703,0.22686622649830906,0.694013738151611
fft_mlp,442,1.0313938683476942,0.8017832636833191,0.8062092661857605,0.006050259944923128,0.07494593354027815,0.21322533312653436
fft_mlp_old,442,1.0313938683476942,0.8017832636833191,0.8062092661857605,0.006521654222862928,0.07039733586966712,0.19422735730909046
raw_mocap,442,1.0313938683476942,0.8017832636833191,0.8062092661857605,0.0152551709504129,0.21962168882299357,0.6608399417319614
cubic_spline,442,1.0313938683476942,0.8017832636833191,0.8062092661857605,0.005480150861506873,0.12520122998093358,0.4222545269903543
cpg_matsuoka,442,1.0313938683476942,0.8017832636833191,0.8062092661857605,0.0730396525211384,0.642161858538833,2.3095330864456023
fft_mlp_review,861,0.5465962883025881,0.8048207759857178,0.8061153292655945,0.03359081681825237,0.38790051579745577,0.6773367992155848
fft_mlp,861,0.5465962883025881,0.8048207759857178,0.8061153292655945,0.008023682869261086,0.0931159024649984,0.18674737596230453
fft_mlp_old,861,0.5465962883025881,0.8048207759857178,0.8061153292655945,0.005020812628796781,0.0762066741079043,0.1370965460923956
raw_mocap,861,0.5465962883025881,0.8048207759857178,0.8061153292655945,0.016750044308402177,0.16431258968036003,0.3186643552103651
cubic_spline,861,0.5465962883025881,0.8048207759857178,0.8061153292655945,0.0923463013269264,0.38596751938775287,0.8242211262425592
cpg_matsuoka,861,0.5465962883025881,0.8048207759857178,0.8061153292655945,0.05371234936404575,0.5500236966242956,2.034932833543483
fft_mlp_review,878,1.4756406583284079,0.8048207759857178,0.8061153292655945,0.02638189452652089,0.33128686328959617,0.6898596387268751
fft_mlp,878,1.4756406583284079,0.8048207759857178,0.8061153292655945,0.0016905393867023132,0.0812414091943583,0.19732754442786374
fft_mlp_old,878,1.4756406583284079,0.8048207759857178,0.8061153292655945,0.0028972453355516174,0.08334195326252554,0.16915437620589105
raw_mocap,878,1.4756406583284079,0.8048207759857178,0.8061153292655945,0.01437540002446036,0.2437818163852053,0.6689556919808554
cubic_spline,878,1.4756406583284079,0.8048207759857178,0.8061153292655945,0.002876377536192088,0.11859512941905628,0.3659371323593297
cpg_matsuoka,878,1.4756406583284079,0.8048207759857178,0.8061153292655945,0.09133388510888198,0.7239812985146388,2.5505606434972523
fft_mlp_review,851,1.7936607809627758,0.8156173229217529,0.8292902112007141,0.05466928496501212,0.41232072396495884,0.7588653097703264
fft_mlp,851,1.7936607809627758,0.8156173229217529,0.8292902112007141,0.026770346651528693,0.13169124801761428,0.3640881278868712
fft_mlp_old,851,1.7936607809627758,0.8156173229217529,0.8292902112007141,0.023856219194074074,0.11351620774682519,0.28637162498889873
raw_mocap,851,1.7936607809627758,0.8156173229217529,0.8292902112007141,0.02400624148126475,0.1542486890271645,0.35280244709585756
cubic_spline,851,1.7936607809627758,0.8156173229217529,0.8292902112007141,0.02896462868567227,0.1427932556610743,0.35969137909264365
cpg_matsuoka,851,1.7936607809627758,0.8156173229217529,0.8292902112007141,0.09789534072196182,0.7520313631156896,2.629003297245719
fft_mlp_review,301,1.2435980912577898,0.855322539806366,0.8289530873298645,0.029614138998950823,0.269087163295577,0.6651773745308565
fft_mlp,301,1.2435980912577898,0.855322539806366,0.8289530873298645,0.013873091832454375,0.09429059459728645,0.24136539722377423
fft_mlp_old,301,1.2435980912577898,0.855322539806366,0.8289530873298645,0.011886046340660228,0.08605145626626624,0.2513160021301428
raw_mocap,301,1.2435980912577898,0.855322539806366,0.8289530873298645,0.015443514735753956,0.12999525683576438,0.40410689234371383
cubic_spline,301,1.2435980912577898,0.855322539806366,0.8289530873298645,0.007167960957996181,0.10823092603596325,0.32063865631698013
cpg_matsuoka,301,1.2435980912577898,0.855322539806366,0.8289530873298645,0.07385957799206004,0.6457284674606524,2.2428360577981414
fft_mlp_review,1067,1.4681491034371512,0.8755679726600647,0.856531023979187,0.03607868650879828,0.3244014377994126,0.7342833932901272
fft_mlp,1067,1.4681491034371512,0.8755679726600647,0.856531023979187,0.015247691870758634,0.10696071365480203,0.2018272684519421
fft_mlp_old,1067,1.4681491034371512,0.8755679726600647,0.856531023979187,0.02234769051826445,0.10391023757020171,0.24657493529209165
raw_mocap,1067,1.4681491034371512,0.8755679726600647,0.856531023979187,0.01499566515427022,0.17123376179369326,0.44889771144493107
cubic_spline,1067,1.4681491034371512,0.8755679726600647,0.856531023979187,0.01404020130572515,0.18415567729045537,0.6097838877490768
cpg_matsuoka,1067,1.4681491034371512,0.8755679726600647,0.856531023979187,0.10096958428966989,0.7564228176615717,2.711215375572293
fft_mlp_review,718,0.19593413857852712,0.8427228331565857,0.8473520874977112,0.026696945727245385,0.3776443668631829,0.8463557542716887
fft_mlp,718,0.19593413857852712,0.8427228331565857,0.8473520874977112,0.03837819798185483,0.25669000511166173,0.8468836139614283
fft_mlp_old,718,0.19593413857852712,0.8427228331565857,0.8473520874977112,0.03171882898253969,0.24714493366335263,0.8002629001978244
raw_mocap,718,0.19593413857852712,0.8427228331565857,0.8473520874977112,0.05160823864272679,0.40677670554030626,0.7106957136674392
cubic_spline,718,0.19593413857852712,0.8427228331565857,0.8473520874977112,0.03914489137148753,0.34659735116304413,0.6548409836251055
cpg_matsuoka,718,0.19593413857852712,0.8427228331565857,0.8473520874977112,0.022394673504504373,0.3469776469903851,1.3536952712589778
fft_mlp_review,998,0.6291087736034024,0.8030359148979187,0.8173006772994995,0.039198256820871705,0.4112205756989156,0.9149877243299128
fft_mlp,998,0.6291087736034024,0.8030359148979187,0.8173006772994995,0.0024359529702080774,0.11088244256530226,0.2446909200250608
fft_mlp_old,998,0.6291087736034024,0.8030359148979187,0.8173006772994995,0.0019593270750749322,0.08172689393267664,0.2478437446778857
raw_mocap,998,0.6291087736034024,0.8030359148979187,0.8173006772994995,0.011870336011137397,0.18857528856209507,0.5663998823808399
cubic_spline,998,0.6291087736034024,0.8030359148979187,0.8173006772994995,0.004676778938807134,0.12037398105610854,0.41532123640644053
cpg_matsuoka,998,0.6291087736034024,0.8030359148979187,0.8173006772994995,0.06538818039027951,0.6090813425873373,2.186622079305282
fft_mlp_review,654,0.31520392196555974,0.8712635040283203,0.858031690120697,0.03679543543034087,0.4575023865838782,0.9667138056900638
fft_mlp,654,0.31520392196555974,0.8712635040283203,0.858031690120697,0.057979015992995396,0.36618153299168404,0.9779415832533539
fft_mlp_old,654,0.31520392196555974,0.8712635040283203,0.858031690120697,0.0596861193031027,0.29991168477067814,0.7691954143038702
raw_mocap,654,0.31520392196555974,0.8712635040283203,0.858031690120697,0.1051418077966333,0.7292604506950946,1.2486825771525034
cubic_spline,654,0.31520392196555974,0.8712635040283203,0.858031690120697,0.08698830148481039,0.6230589631404602,1.2530047404435323
cpg_matsuoka,654,0.31520392196555974,0.8712635040283203,0.858031690120697,0.05568373857210792,0.566042530495299,2.133844858518871
fft_mlp_review,329,1.659655377581403,0.8188592791557312,0.8276320099830627,0.0626078822477465,0.43793758121096493,0.8613139033162581
fft_mlp,329,1.659655377581403,0.8188592791557312,0.8276320099830627,0.048255380824520855,0.1425650348445358,0.3277881376036341
fft_mlp_old,329,1.659655377581403,0.8188592791557312,0.8276320099830627,0.03441141471082513,0.14149950708156725,0.36719030310170897
raw_mocap,329,1.659655377581403,0.8188592791557312,0.8276320099830627,0.05765472186211287,0.19132360159294168,0.3437242162472833
cubic_spline,329,1.659655377581403,0.8188592791557312,0.8276320099830627,0.04497971910475904,0.15014862003963492,0.476765423321677
cpg_matsuoka,329,1.659655377581403,0.8188592791557312,0.8276320099830627,0.10583987802094429,0.7761313906885534,2.700892779781249
fft_mlp_review,279,1.0280079609638935,0.7157157063484192,0.7084407806396484,0.02521420219628523,0.2946609024589892,0.7591347416383991
fft_mlp,279,1.0280079609638935,0.7157157063484192,0.7084407806396484,0.011682989645736467,0.10146613871325642,0.19288115146352322
fft_mlp_old,279,1.0280079609638935,0.7157157063484192,0.7084407806396484,0.011506194462748165,0.08978017882267347,0.13853778974999822
raw_mocap,279,1.0280079609638935,0.7157157063484192,0.7084407806396484,0.013983389305575784,0.1750473939935048,0.4756979641845236
cubic_spline,279,1.0280079609638935,0.7157157063484192,0.7084407806396484,0.011225451240826334,0.201505487381728,0.6884283331104516
cpg_matsuoka,279,1.0280079609638935,0.7157157063484192,0.7084407806396484,0.07559333497649143,0.6569730364426076,2.2690457906618526
fft_mlp_review,277,0.9248455615753823,0.7157157063484192,0.7084407806396484,0.019776727312714362,0.25458592301594546,0.6535471956643425
fft_mlp,277,0.9248455615753823,0.7157157063484192,0.7084407806396484,0.01986197375899876,0.08743746460988562,0.19602725570015475
fft_mlp_old,277,0.9248455615753823,0.7157157063484192,0.7084407806396484,0.01995192609735181,0.08229864659545255,0.18595571220785626
raw_mocap,277,0.9248455615753823,0.7157157063484192,0.7084407806396484,0.0050651456692231795,0.08786014069415297,0.21058029087031535
cubic_spline,277,0.9248455615753823,0.7157157063484192,0.7084407806396484,0.0075061587725152425,0.10620739252890306,0.3014976488511143
cpg_matsuoka,277,0.9248455615753823,0.7157157063484192,0.7084407806396484,0.07220195999254618,0.6413064352403147,2.2337729300289895
fft_mlp_review,919,1.1484881627077312,0.7751489281654358,0.7883797287940979,0.02819361735440275,0.298408582907421,0.7174737562685296
fft_mlp,919,1.1484881627077312,0.7751489281654358,0.7883797287940979,0.010162519205596467,0.10061231099413534,0.2513752494537276
fft_mlp_old,919,1.1484881627077312,0.7751489281654358,0.7883797287940979,0.007104875578920843,0.07466811317578284,0.20710285708391155
raw_mocap,919,1.1484881627077312,0.7751489281654358,0.7883797287940979,0.016859544191442335,0.14453004553099832,0.5377790602443159
cubic_spline,919,1.1484881627077312,0.7751489281654358,0.7883797287940979,0.008437116916785626,0.11466071450598253,0.40273483840443186
cpg_matsuoka,919,1.1484881627077312,0.7751489281654358,0.7883797287940979,0.0857842827474997,0.6966469386736216,2.421551521099252
fft_mlp_review,349,1.091368199442769,0.8192465901374817,0.8261839747428894,0.04775799233167621,0.3223428079651144,0.7759174260180641
fft_mlp,349,1.091368199442769,0.8192465901374817,0.8261839747428894,0.051714632976364104,0.16982699687102484,0.31920823964090994
fft_mlp_old,349,1.091368199442769,0.8192465901374817,0.8261839747428894,0.04612331626449647,0.15298606060543343,0.2548042827982943
raw_mocap,349,1.091368199442769,0.8192465901374817,0.8261839747428894,0.032301754865603924,0.18787801543373503,0.44366554327711727
cubic_spline,349,1.091368199442769,0.8192465901374817,0.8261839747428894,0.030010976926151234,0.17106234780738278,0.4204342920453848
cpg_matsuoka,349,1.091368199442769,0.8192465901374817,0.8261839747428894,0.08084268486853845,0.675188888689884,2.3809427080273573
fft_mlp_review,1094,1.442145676210702,0.8546096086502075,0.8743579983711243,0.024895190478186464,0.28532376891816474,0.7000813892199518
fft_mlp,1094,1.442145676210702,0.8546096086502075,0.8743579983711243,0.007982747696517668,0.09217332414139204,0.21322719256849498
fft_mlp_old,1094,1.442145676210702,0.8546096086502075,0.8743579983711243,0.009649943034578256,0.0800747407928163,0.10646247452635534
raw_mocap,1094,1.442145676210702,0.8546096086502075,0.8743579983711243,0.010701310153572343,0.11291962817042082,0.2262103222557399
cubic_spline,1094,1.442145676210702,0.8546096086502075,0.8743579983711243,0.004233381043772181,0.09845564503335091,0.2782030325101392
cpg_matsuoka,1094,1.442145676210702,0.8546096086502075,0.8743579983711243,0.08356900931022304,0.6889230276092181,2.4656877210626997
fft_mlp_review,65,0.26068635496121007,0.8289229869842529,0.8483185768127441,0.03491816037487356,0.4100011232100824,0.9900311069049007
fft_mlp,65,0.26068635496121007,0.8289229869842529,0.8483185768127441,0.0484809494032925,0.3094299364231694,0.6375353989171612
fft_mlp_old,65,0.26068635496121007,0.8289229869842529,0.8483185768127441,0.046478752030446206,0.2612913599493273,0.8189003619393063
raw_mocap,65,0.26068635496121007,0.8289229869842529,0.8483185768127441,0.051647822583273106,0.42441940035820314,0.7587152705817127
cubic_spline,65,0.26068635496121007,0.8289229869842529,0.8483185768127441,0.05517938180916227,0.4458577421685386,0.8489001086935458
cpg_matsuoka,65,0.26068635496121007,0.8289229869842529,0.8483185768127441,0.02551134536466343,0.3781545181807914,1.275790461993247
fft_mlp_review,1108,0.9406895055526341,0.8400225043296814,0.8331820368766785,0.014571515043222814,0.2554409131510291,0.7749072226966452
fft_mlp,1108,0.9406895055526341,0.8400225043296814,0.8331820368766785,0.011577508159967971,0.15580055360548664,0.4599282765572459
fft_mlp_old,1108,0.9406895055526341,0.8400225043296814,0.8331820368766785,0.013924757226469542,0.13133440881251734,0.38986794760982946
raw_mocap,1108,0.9406895055526341,0.8400225043296814,0.8331820368766785,0.009416964974687024,0.22029271304378373,0.7376939132783429
cubic_spline,1108,0.9406895055526341,0.8400225043296814,0.8331820368766785,0.007428179540521486,0.17336947905996303,0.6252780219921035
cpg_matsuoka,1108,0.9406895055526341,0.8400225043296814,0.8331820368766785,0.08205379797733883,0.6822786992900781,2.5378773157112846
fft_mlp_review,410,0.6237261264909199,0.8769042491912842,0.8849288821220398,0.038206398814964806,0.4079295904520249,0.8321999157854115
fft_mlp,410,0.6237261264909199,0.8769042491912842,0.8849288821220398,0.012110745355014734,0.11335108872161541,0.29754219789787434
fft_mlp_old,410,0.6237261264909199,0.8769042491912842,0.8849288821220398,0.0034617219644070933,0.06242599217978924,0.12893459065691557
raw_mocap,410,0.6237261264909199,0.8769042491912842,0.8849288821220398,0.012027229529260353,0.1588420434423137,0.42594496937717125
cubic_spline,410,0.6237261264909199,0.8769042491912842,0.8849288821220398,0.005525551876194145,0.09256054260991337,0.2906037582521902
cpg_matsuoka,410,0.6237261264909199,0.8769042491912842,0.8849288821220398,0.058400264544609594,0.5706673231483136,2.054521274204156
fft_mlp_review,689,1.6114760321539803,0.8344907760620117,0.8224448561668396,0.055179178753862634,0.41607529143561867,0.8490299247745258
fft_mlp,689,1.6114760321539803,0.8344907760620117,0.8224448561668396,0.036636708045505985,0.15867320477426,0.33908409759110586
fft_mlp_old,689,1.6114760321539803,0.8344907760620117,0.8224448561668396,0.03088775286440242,0.11268695337455954,0.24066613113096083
raw_mocap,689,1.6114760321539803,0.8344907760620117,0.8224448561668396,0.02459266721684375,0.14790310220842826,0.27586340968970396
cubic_spline,689,1.6114760321539803,0.8344907760620117,0.8224448561668396,0.025977017391418344,0.1481586368145164,0.31892156252882664
cpg_matsuoka,689,1.6114760321539803,0.8344907760620117,0.8224448561668396,0.10199381525003585,0.7604268804962357,2.7366268554846034
fft_mlp_review,177,0.26849372107703406,0.8966478109359741,0.8902934789657593,0.039966466600910994,0.4738092207917288,1.0797076716990885
fft_mlp,177,0.26849372107703406,0.8966478109359741,0.8902934789657593,0.05127551595235263,0.3819102460047183,0.9059207555769548
fft_mlp_old,177,0.26849372107703406,0.8966478109359741,0.8902934789657593,0.05232084584658369,0.28439862211503925,0.8556993230197304
raw_mocap,177,0.26849372107703406,0.8966478109359741,0.8902934789657593,0.05251817597273126,0.463726493945848,1.0037924497330668
cubic_spline,177,0.26849372107703406,0.8966478109359741,0.8902934789657593,0.060259487731603036,0.4344191035091321,0.9285334941969138
cpg_matsuoka,177,0.26849372107703406,0.8966478109359741,0.8902934789657593,0.028976008541979514,0.4013086049281633,1.4181080236002452
fft_mlp_review,534,1.3870564778645833,0.7341349720954895,0.7153636813163757,0.036500519630030995,0.36931188152078714,0.9051984660071172
fft_mlp,534,1.3870564778645833,0.7341349720954895,0.7153636813163757,0.008208336132224577,0.09696516896925932,0.297493702480535
fft_mlp_old,534,1.3870564778645833,0.7341349720954895,0.7153636813163757,0.005554199743953093,0.08474279318950939,0.25157271865613606
raw_mocap,534,1.3870564778645833,0.7341349720954895,0.7153636813163757,0.013918440586360091,0.13725207250800603,0.4510951339748314
cubic_spline,534,1.3870564778645833,0.7341349720954895,0.7153636813163757,0.00931842637378634,0.14349234060407845,0.49010683986688147
cpg_matsuoka,534,1.3870564778645833,0.7341349720954895,0.7153636813163757,0.09811676663824916,0.7463873663660349,2.5814324580101573
fft_mlp_review,117,1.0940316550096676,0.8487747311592102,0.8559828996658325,0.019053021795417794,0.28821068622283474,0.743208492050523
fft_mlp,117,1.0940316550096676,0.8487747311592102,0.8559828996658325,0.0178023132303423,0.11176139906638674,0.27500358481251036
fft_mlp_old,117,1.0940316550096676,0.8487747311592102,0.8559828996658325,0.011721195626052,0.10510125965850249,0.2736237263448466
raw_mocap,117,1.0940316550096676,0.8487747311592102,0.8559828996658325,0.004608464700995037,0.13123958404673783,0.5148908722526322
cubic_spline,117,1.0940316550096676,0.8487747311592102,0.8559828996658325,0.008427705395439656,0.141445924228616,0.5040041779384149
cpg_matsuoka,117,1.0940316550096676,0.8487747311592102,0.8559828996658325,0.08229481706168383,0.6877007282149032,2.3934207141064157
fft_mlp_review,372,1.2743339700901761,0.9055006504058838,0.9061865210533142,0.019137473216486643,0.27153590813332107,0.7476685467551724
fft_mlp,372,1.2743339700901761,0.9055006504058838,0.9061865210533142,0.018029843595752167,0.12731246152149828,0.3032122624913442
fft_mlp_old,372,1.2743339700901761,0.9055006504058838,0.9061865210533142,0.021333136287169197,0.10676539730783988,0.20526323269471894
raw_mocap,372,1.2743339700901761,0.9055006504058838,0.9061865210533142,0.012820179581138456,0.2335908994053036,0.6201211576433702
cubic_spline,372,1.2743339700901761,0.9055006504058838,0.9061865210533142,0.014983482497308145,0.16890614598727338,0.4983885004952436
cpg_matsuoka,372,1.2743339700901761,0.9055006504058838,0.9061865210533142,0.09816905951631422,0.7474226506165738,2.6975221966500613
fft_mlp_review,1034,0.3702982988028691,0.8370497822761536,0.8500540852546692,0.03770861680668741,0.4551507014697804,0.9010772119546134
fft_mlp,1034,0.3702982988028691,0.8370497822761536,0.8500540852546692,0.07524407312286115,0.32004298369345224,0.8008314284345749
fft_mlp_old,1034,0.3702982988028691,0.8370497822761536,0.8500540852546692,0.07442020088347717,0.32584210186423995,0.8578060147337703
raw_mocap,1034,0.3702982988028691,0.8370497822761536,0.8500540852546692,0.0925703055290723,0.4386677742194068,0.8546405974464685
cubic_spline,1034,0.3702982988028691,0.8370497822761536,0.8500540852546692,0.08040014378244459,0.4475713207778285,0.8948251679679595
cpg_matsuoka,1034,0.3702982988028691,0.8370497822761536,0.8500540852546692,0.0492764109219509,0.5342010690343681,2.0118454715425806
fft_mlp_review,628,1.6318084716796875,0.7496078014373779,0.7579050064086914,0.058403479511876355,0.4120713220190453,0.8145237239961997
fft_mlp,628,1.6318084716796875,0.7496078014373779,0.7579050064086914,0.03779946761578309,0.13448045914134385,0.2142289688229199
fft_mlp_old,628,1.6318084716796875,0.7496078014373779,0.7579050064086914,0.03281226447109473,0.12045325378868363,0.19331069354872432
raw_mocap,628,1.6318084716796875,0.7496078014373779,0.7579050064086914,0.01687559065261611,0.2052833896120491,0.5716313259990158
cubic_spline,628,1.6318084716796875,0.7496078014373779,0.7579050064086914,0.01772413890920341,0.15070352316913196,0.4157486412277957
cpg_matsuoka,628,1.6318084716796875,0.7496078014373779,0.7579050064086914,0.08576900765437978,0.704808199517397,2.4468749801393037
fft_mlp_review,821,1.1050274219918759,0.8079240918159485,0.8084431886672974,0.024744857006778014,0.3289135373360764,0.8753884690096251
fft_mlp,821,1.1050274219918759,0.8079240918159485,0.8084431886672974,0.01129085698972697,0.16307310773628939,0.3564608656490867
fft_mlp_old,821,1.1050274219918759,0.8079240918159485,0.8084431886672974,0.01428973537520653,0.12645481579491152,0.23356034364323475
raw_mocap,821,1.1050274219918759,0.8079240918159485,0.8084431886672974,0.01455921297248791,0.26090453523369456,0.7147483530080384
cubic_spline,821,1.1050274219918759,0.8079240918159485,0.8084431886672974,0.016159051673521,0.2640571139018689,0.7637678661916544
cpg_matsuoka,821,1.1050274219918759,0.8079240918159485,0.8084431886672974,0.09738949299570034,0.7416846634517276,2.7043021963487575
fft_mlp_review,669,0.2942841957057763,0.8344907760620117,0.8224448561668396,0.03419896077662129,0.4391173765604417,0.9425125615560036
fft_mlp,669,0.2942841957057763,0.8344907760620117,0.8224448561668396,0.04897649090771041,0.2897494791105247,0.9398079824445184
fft_mlp_old,669,0.2942841957057763,0.8344907760620117,0.8224448561668396,0.054488325740862244,0.29938321039457144,0.8937865787943418
raw_mocap,669,0.2942841957057763,0.8344907760620117,0.8224448561668396,0.0699692055672035,0.40757696153561884,0.9445856708962053
cubic_spline,669,0.2942841957057763,0.8344907760620117,0.8224448561668396,0.06879353767596141,0.45909266177349306,1.0134762056147342
cpg_matsuoka,669,0.2942841957057763,0.8344907760620117,0.8224448561668396,0.0471954966809258,0.5173684554002909,1.9740184432271597
fft_mlp_review,63,1.8790263686069224,0.7213453650474548,0.7201067805290222,0.061925775007385664,0.4306988465699743,0.8986280667700232
fft_mlp,63,1.8790263686069224,0.7213453650474548,0.7201067805290222,0.03936972078171331,0.14913736476076805,0.4099673727829087
fft_mlp_old,63,1.8790263686069224,0.7213453650474548,0.7201067805290222,0.03424996716423947,0.12706123988945772,0.20916988668836903
raw_mocap,63,1.8790263686069224,0.7213453650474548,0.7201067805290222,0.031852901652288886,0.1805793305037667,0.6293062528751986
cubic_spline,63,1.8790263686069224,0.7213453650474548,0.7201067805290222,0.03525083266567221,0.19784002943417872,0.6432297077218506
cpg_matsuoka,63,1.8790263686069224,0.7213453650474548,0.7201067805290222,0.08954967499911727,0.7217978085813308,2.408768604789515
fft_mlp_review,735,1.4707609449114118,0.8427228331565857,0.8473520874977112,0.026649253186012346,0.3183088506572646,0.7604493562018749
fft_mlp,735,1.4707609449114118,0.8427228331565857,0.8473520874977112,0.006741402730406178,0.13161756643752537,0.35947837259437126
fft_mlp_old,735,1.4707609449114118,0.8427228331565857,0.8473520874977112,0.003934958427562423,0.1004798439515504,0.2710133088953514
raw_mocap,735,1.4707609449114118,0.8427228331565857,0.8473520874977112,0.002624767387497994,0.11965483058204054,0.33234565611486
cubic_spline,735,1.4707609449114118,0.8427228331565857,0.8473520874977112,0.004969124124251982,0.14452935025894123,0.4793493907992938
cpg_matsuoka,735,1.4707609449114118,0.8427228331565857,0.8473520874977112,0.09646255828829098,0.7367707415671029,2.6814565674242083
fft_mlp_review,951,0.40330399544008316,0.79127436876297,0.7877861261367798,0.04652212532874738,0.49850916319698413,1.3032602249548966
fft_mlp,951,0.40330399544008316,0.79127436876297,0.7877861261367798,0.029228493854274947,0.3548926405419307,0.7554229515688844
fft_mlp_old,951,0.40330399544008316,0.79127436876297,0.7877861261367798,0.0163555195391844,0.12573471458176916,0.29902935623424726
raw_mocap,951,0.40330399544008316,0.79127436876297,0.7877861261367798,0.1124102861786493,0.7103945890900465,1.4372691299367233
cubic_spline,951,0.40330399544008316,0.79127436876297,0.7877861261367798,0.11849887464730646,0.7319668969152606,1.4670788281247154
cpg_matsuoka,951,0.40330399544008316,0.79127436876297,0.7877861261367798,0.06019618497012211,0.5693081919154326,2.1478324586499733
fft_mlp_review,1025,1.1559154049380795,0.8192310929298401,0.8390863537788391,0.015917722198176165,0.26592799716205406,0.7214365930707126
fft_mlp,1025,1.1559154049380795,0.8192310929298401,0.8390863537788391,0.005754774282633945,0.10081578838011952,0.27971518389316347
fft_mlp_old,1025,1.1559154049380795,0.8192310929298401,0.8390863537788391,0.007726680089962402,0.10706700296646648,0.22930289756802238
raw_mocap,1025,1.1559154049380795,0.8192310929298401,0.8390863537788391,0.013833935371202479,0.1666426769378374,0.5525954302112893
cubic_spline,1025,1.1559154049380795,0.8192310929298401,0.8390863537788391,0.0063816605097013505,0.14380547163901325,0.3999982724781061
cpg_matsuoka,1025,1.1559154049380795,0.8192310929298401,0.8390863537788391,0.08845387448988197,0.7074667620727301,2.5257494241014515
fft_mlp_review,42,2.023464461198942,0.7743836045265198,0.7702332735061646,0.03757154497668395,0.4341885425975292,0.9988288097966415
fft_mlp,42,2.023464461198942,0.7743836045265198,0.7702332735061646,0.0019798044283827246,0.10358328730499,0.23600375908519555
fft_mlp_old,42,2.023464461198942,0.7743836045265198,0.7702332735061646,0.0018654803809259619,0.09444313096315798,0.2782280775769079
raw_mocap,42,2.023464461198942,0.7743836045265198,0.7702332735061646,0.011943743869470847,0.21246239679100926,0.5513646990698903
cubic_spline,42,2.023464461198942,0.7743836045265198,0.7702332735061646,0.009330154215371783,0.1886873187283304,0.48188367739369076
cpg_matsuoka,42,2.023464461198942,0.7743836045265198,0.7702332735061646,0.10317757337398581,0.7758641465218808,2.603702143125337
fft_mlp_review,167,1.3065950324736446,0.8018629550933838,0.7927669882774353,0.02226911381890781,0.2993716396800926,0.6564320887314264
fft_mlp,167,1.3065950324736446,0.8018629550933838,0.7927669882774353,0.00267306367777335,0.07468923990682232,0.18044906052597054
fft_mlp_old,167,1.3065950324736446,0.8018629550933838,0.7927669882774353,0.0026939582042465617,0.09586835955484745,0.2690435593796168
raw_mocap,167,1.3065950324736446,0.8018629550933838,0.7927669882774353,0.004676948508772551,0.1557622083625459,0.5539848560700437
cubic_spline,167,1.3065950324736446,0.8018629550933838,0.7927669882774353,0.004333994251434581,0.15386493219322306,0.4850181027996568
cpg_matsuoka,167,1.3065950324736446,0.8018629550933838,0.7927669882774353,0.09310306111685458,0.7281951178099385,2.595316415511119
fft_mlp_review,809,0.34455567753604444,0.8079240918159485,0.8084431886672974,0.04728371717073362,0.5082031674104113,1.2620351129899443
fft_mlp,809,0.34455567753604444,0.8079240918159485,0.8084431886672974,0.07751142497702494,0.3559682670683082,1.0668321728849033
fft_mlp_old,809,0.34455567753604444,0.8079240918159485,0.8084431886672974,0.08353031990896624,0.34294891694409974,1.109941930854166
raw_mocap,809,0.34455567753604444,0.8079240918159485,0.8084431886672974,0.11072713137302055,0.602919313423771,1.5365264602607562
cubic_spline,809,0.34455567753604444,0.8079240918159485,0.8084431886672974,0.10050386242624272,0.53435856411627,1.4664276319200116
cpg_matsuoka,809,0.34455567753604444,0.8079240918159485,0.8084431886672974,0.07183614704680495,0.6369908794979352,2.4094576443746605
fft_mlp_review,313,0.6376310599866764,0.8188592791557312,0.8276320099830627,0.040770799859975004,0.40347034413532257,0.9964739606969815
fft_mlp,313,0.6376310599866764,0.8188592791557312,0.8276320099830627,0.005036085340629932,0.11359730813268747,0.37495848194836484
fft_mlp_old,313,0.6376310599866764,0.8188592791557312,0.8276320099830627,0.005479624882895886,0.10436633674598621,0.3705429928686328
raw_mocap,313,0.6376310599866764,0.8188592791557312,0.8276320099830627,0.01817638111166096,0.19227973244925206,0.6120630259308156
cubic_spline,313,0.6376310599866764,0.8188592791557312,0.8276320099830627,0.007521893149980125,0.14575503829854128,0.47342038988517005
cpg_matsuoka,313,0.6376310599866764,0.8188592791557312,0.8276320099830627,0.0754472538056702,0.6464314245625065,2.4382690317949502
fft_mlp_review,296,0.8706912342130829,0.855322539806366,0.8289530873298645,0.011555481995860414,0.2216911139243414,0.6523197870967895
fft_mlp,296,0.8706912342130829,0.855322539806366,0.8289530873298645,0.010016411027775353,0.09759390417373554,0.2135749365707901
fft_mlp_old,296,0.8706912342130829,0.855322539806366,0.8289530873298645,0.007512671379299995,0.08202299579554827,0.15746985092841195
raw_mocap,296,0.8706912342130829,0.855322539806366,0.8289530873298645,0.00519124741913529,0.16329889056793034,0.49152868541146827
cubic_spline,296,0.8706912342130829,0.855322539806366,0.8289530873298645,0.007298672255762448,0.08815907706361169,0.1813337593395459
cpg_matsuoka,296,0.8706912342130829,0.855322539806366,0.8289530873298645,0.05955956619915681,0.5767325342261134,2.0824519892855022
fft_mlp_review,490,1.4899713052285686,0.7058945894241333,0.7136680483818054,0.03197794094213007,0.3725506523200283,0.8541708936521641
fft_mlp,490,1.4899713052285686,0.7058945894241333,0.7136680483818054,0.0022059803251323075,0.08443229670312806,0.1985017485346983
fft_mlp_old,490,1.4899713052285686,0.7058945894241333,0.7136680483818054,0.0015765969622160876,0.08451699313769973,0.13713844583688126
raw_mocap,490,1.4899713052285686,0.7058945894241333,0.7136680483818054,0.007510535590113298,0.18186474236870376,0.640221181542394
cubic_spline,490,1.4899713052285686,0.7058945894241333,0.7136680483818054,0.004914728074733646,0.14267272834634262,0.49993699193597463
cpg_matsuoka,490,1.4899713052285686,0.7058945894241333,0.7136680483818054,0.08685902692763388,0.7085235954005915,2.4442939195799314
fft_mlp_review,543,0.606384027004242,0.8502301573753357,0.8526734113693237,0.04271816789063102,0.4884123332925046,1.1622220578706528
fft_mlp,543,0.606384027004242,0.8502301573753357,0.8526734113693237,0.02527812557581138,0.24378142343936005,0.6110071170410881
fft_mlp_old,543,0.606384027004242,0.8502301573753357,0.8526734113693237,0.019328436990410886,0.23027086310830314,0.5766186942169735
raw_mocap,543,0.606384027004242,0.8502301573753357,0.8526734113693237,0.024988854484101167,0.19761647420266237,0.5974435376963413
cubic_spline,543,0.606384027004242,0.8502301573753357,0.8526734113693237,0.02550463168917271,0.29979138020532275,0.8477108354441834
cpg_matsuoka,543,0.606384027004242,0.8502301573753357,0.8526734113693237,0.04301681156283788,0.4970764536036013,1.4943377267610016
fft_mlp_review,641,0.7970493460300079,0.9196800589561462,0.9152016639709473,0.01881983805975097,0.3235421968812178,0.999755631131961
fft_mlp,641,0.7970493460300079,0.9196800589561462,0.9152016639709473,0.020514500675875055,0.24198768448546154,0.8447560888378952
fft_mlp_old,641,0.7970493460300079,0.9196800589561462,0.9152016639709473,0.015303881777994912,0.11376431437258215,0.28977981419935567
raw_mocap,641,0.7970493460300079,0.9196800589561462,0.9152016639709473,0.04215019672680403,0.2683613955794625,0.6384344306358265
cubic_spline,641,0.7970493460300079,0.9196800589561462,0.9152016639709473,0.02643309700749731,0.184068558057462,0.5015865704863208
cpg_matsuoka,641,0.7970493460300079,0.9196800589561462,0.9152016639709473,0.05557636076478515,0.5594929801052758,1.8703048305651986
fft_mlp_review,290,0.4654863688151042,0.855322539806366,0.8289530873298645,0.03524522491848477,0.4219859311741635,1.0416096048967851
fft_mlp,290,0.4654863688151042,0.855322539806366,0.8289530873298645,0.017196673417098508,0.20611494280183632,0.5890237052511264
fft_mlp_old,290,0.4654863688151042,0.855322539806366,0.8289530873298645,0.009367207594824093,0.1287885503972132,0.2669468254945844
raw_mocap,290,0.4654863688151042,0.855322539806366,0.8289530873298645,0.12291730652272133,0.6596074361853774,1.0763003143200902
cubic_spline,290,0.4654863688151042,0.855322539806366,0.8289530873298645,0.11600237036878687,0.6072124951990915,1.0941167514164742
cpg_matsuoka,290,0.4654863688151042,0.855322539806366,0.8289530873298645,0.04638959855793579,0.5035240071555048,1.7854023326439592
fft_mlp_review,617,0.5413957319186844,0.7496078014373779,0.7579050064086914,0.035260628107391764,0.40315110644269914,0.7475868180844508
fft_mlp,617,0.5413957319186844,0.7496078014373779,0.7579050064086914,0.0054427306982097684,0.08611443470722333,0.1940846145487274
fft_mlp_old,617,0.5413957319186844,0.7496078014373779,0.7579050064086914,0.00299347179373082,0.07265979168275509,0.1603034115738919
raw_mocap,617,0.5413957319186844,0.7496078014373779,0.7579050064086914,0.017285662751740812,0.21785058224238157,0.6025440871741853
cubic_spline,617,0.5413957319186844,0.7496078014373779,0.7579050064086914,0.09777902338562637,0.413718044340198,0.7817825124808793
cpg_matsuoka,617,0.5413957319186844,0.7496078014373779,0.7579050064086914,0.05065142944472432,0.5370859832203339,1.8805412373322394
fft_mlp_review,779,1.0139342327507175,0.8740227818489075,0.8766192197799683,0.0143585724069117,0.2329249909347225,0.7084836600881799
fft_mlp,779,1.0139342327507175,0.8740227818489075,0.8766192197799683,0.016493957777470328,0.09555083688379798,0.18398104153726577
fft_mlp_old,779,1.0139342327507175,0.8740227818489075,0.8766192197799683,0.012133853533400811,0.08512314222513725,0.22059867128352337
raw_mocap,779,1.0139342327507175,0.8740227818489075,0.8766192197799683,0.018793421756127957,0.15509701808592918,0.3735935705244331
cubic_spline,779,1.0139342327507175,0.8740227818489075,0.8766192197799683,0.013511000797278691,0.114023222845966,0.30218109331811155
cpg_matsuoka,779,1.0139342327507175,0.8740227818489075,0.8766192197799683,0.0737909334670651,0.6441418302651866,2.34106396373649
fft_mlp_review,910,0.5111591430664062,0.7751489281654358,0.7883797287940979,0.03712456213739624,0.4239309305038948,0.8477118443415957
fft_mlp,910,0.5111591430664062,0.7751489281654358,0.7883797287940979,0.013393414525051094,0.12029061512291056,0.2908789171885983
fft_mlp_old,910,0.5111591430664062,0.7751489281654358,0.7883797287940979,0.004194937781105311,0.08583915809078768,0.18623705308561345
raw_mocap,910,0.5111591430664062,0.7751489281654358,0.7883797287940979,0.13137301704440643,0.6615239023302679,1.1862065758268765
cubic_spline,910,0.5111591430664062,0.7751489281654358,0.7883797287940979,0.12459209076897652,0.6263203979666583,1.1524804589928193
cpg_matsuoka,910,0.5111591430664062,0.7751489281654358,0.7883797287940979,0.05676157286164313,0.5605179252135395,2.033077407007207
fft_mlp_review,212,1.2545766105428773,0.848772406578064,0.8538340926170349,0.028850092761797935,0.2716694317995298,0.7525181586672366
fft_mlp,212,1.2545766105428773,0.848772406578064,0.8538340926170349,0.018427655216932626,0.1241001677276793,0.30464060966015466
fft_mlp_old,212,1.2545766105428773,0.848772406578064,0.8538340926170349,0.01577489103537037,0.14238629898606767,0.3493817291401918
raw_mocap,212,1.2545766105428773,0.848772406578064,0.8538340926170349,0.0122621109783845,0.13082923856892065,0.3208231730786757
cubic_spline,212,1.2545766105428773,0.848772406578064,0.8538340926170349,0.012742778084767455,0.1584010958145183,0.52631139385108
cpg_matsuoka,212,1.2545766105428773,0.848772406578064,0.8538340926170349,0.08999103227654161,0.7123804440944775,2.5383702473243535
fft_mlp_review,979,1.0777078295510913,0.9167536497116089,0.9164755344390869,0.01090868726286503,0.2255234551582475,0.6143191495134418
fft_mlp,979,1.0777078295510913,0.9167536497116089,0.9164755344390869,0.009301807618505097,0.1474077113513779,0.5098945193830651
fft_mlp_old,979,1.0777078295510913,0.9167536497116089,0.9164755344390869,0.007628706549685217,0.07808117201762674,0.16100998622834228
raw_mocap,979,1.0777078295510913,0.9167536497116089,0.9164755344390869,0.0044696852610038385,0.124205159663947,0.37244900701592315
cubic_spline,979,1.0777078295510913,0.9167536497116089,0.9164755344390869,0.004751922884388357,0.12579008684495682,0.3500080007036779
cpg_matsuoka,979,1.0777078295510913,0.9167536497116089,0.9164755344390869,0.07568394507963712,0.6587452926250214,2.4134319952021563
fft_mlp_review,555,1.3254968868279309,0.8502301573753357,0.8526734113693237,0.020572823694315578,0.29356896760691514,0.819778034622115
fft_mlp,555,1.3254968868279309,0.8502301573753357,0.8526734113693237,0.003968691066968102,0.11977189391849134,0.3707980619247058
fft_mlp_old,555,1.3254968868279309,0.8502301573753357,0.8526734113693237,0.0021064148870494057,0.09076045099173352,0.2165136714891909
raw_mocap,555,1.3254968868279309,0.8502301573753357,0.8526734113693237,0.0036489338873716935,0.13764550633196382,0.37767242677515894
cubic_spline,555,1.3254968868279309,0.8502301573753357,0.8526734113693237,0.002950048966899925,0.1044603522845249,0.3457299219280597
cpg_matsuoka,555,1.3254968868279309,0.8502301573753357,0.8526734113693237,0.06835129528911758,0.6243728996284408,2.1696223427811314
fft_mlp_review,1058,0.6947281471768716,0.8755679726600647,0.856531023979187,0.03244003988811843,0.3915991158139408,0.7267147110415264
fft_mlp,1058,0.6947281471768716,0.8755679726600647,0.856531023979187,0.0034103778222245597,0.08674154601822968,0.2215165712299952
fft_mlp_old,1058,0.6947281471768716,0.8755679726600647,0.856531023979187,0.010119462968333841,0.11193225672439859,0.2917554686990908
raw_mocap,1058,0.6947281471768716,0.8755679726600647,0.856531023979187,0.005364223852044708,0.1428108263654872,0.39129007279762806
cubic_spline,1058,0.6947281471768716,0.8755679726600647,0.856531023979187,0.0037366075047767107,0.09438994923036599,0.21395821408310625
cpg_matsuoka,1058,0.6947281471768716,0.8755679726600647,0.856531023979187,0.059494534224781605,0.5839453572959725,2.065775854654717
fft_mlp_review,672,0.3207464515448189,0.8344907760620117,0.8224448561668396,0.03346706171175107,0.43153726182644975,0.9384797670454237
fft_mlp,672,0.3207464515448189,0.8344907760620117,0.8224448561668396,0.060114608368911804,0.31732701706151656,0.9318209426103058
fft_mlp_old,672,0.3207464515448189,0.8344907760620117,0.8224448561668396,0.054632358524286134,0.2814773065053407,0.8514827246095722
raw_mocap,672,0.3207464515448189,0.8344907760620117,0.8224448561668396,0.07873937028394849,0.41813077926890274,0.8673587129756362
cubic_spline,672,0.3207464515448189,0.8344907760620117,0.8224448561668396,0.07482024832406353,0.4746761824434239,0.8476979431079097
cpg_matsuoka,672,0.3207464515448189,0.8344907760620117,0.8224448561668396,0.04905839977315649,0.5315905991547684,2.0130783990963868
fft_mlp_review,317,0.6915053034403239,0.8188592791557312,0.8276320099830627,0.03400918831915014,0.37784468287192463,1.0287103957837345
fft_mlp,317,0.6915053034403239,0.8188592791557312,0.8276320099830627,0.021849998150304722,0.1278929646950471,0.3640470985090412
fft_mlp_old,317,0.6915053034403239,0.8188592791557312,0.8276320099830627,0.026350329033822912,0.10795272030164245,0.3133387963121606
raw_mocap,317,0.6915053034403239,0.8188592791557312,0.8276320099830627,0.027450924038633747,0.15431568683189834,0.4054234069595574
cubic_spline,317,0.6915053034403239,0.8188592791557312,0.8276320099830627,0.027648125217673316,0.15877326980292125,0.48235141558781636
cpg_matsuoka,317,0.6915053034403239,0.8188592791557312,0.8276320099830627,0.07878431606517788,0.6567142850186467,2.4741562773419306
fft_mlp_review,1081,0.6288649650369112,0.8546096086502075,0.8743579983711243,0.03914100259412352,0.3799677879319648,0.7351930850170731
fft_mlp,1081,0.6288649650369112,0.8546096086502075,0.8743579983711243,0.0018738782054234732,0.10116114215287557,0.26697286317961005
fft_mlp_old,1081,0.6288649650369112,0.8546096086502075,0.8743579983711243,0.001564769940682861,0.08362203159966487,0.2185891399999672
raw_mocap,1081,0.6288649650369112,0.8546096086502075,0.8743579983711243,0.0035739021482455112,0.13779224232406606,0.32957825785585015
cubic_spline,1081,0.6288649650369112,0.8546096086502075,0.8743579983711243,0.0018970719421974374,0.08282463824926929,0.26399453436742837
cpg_matsuoka,1081,0.6288649650369112,0.8546096086502075,0.8743579983711243,0.04879516713122953,0.5235532176063323,1.8962318197945258
fft_mlp_review,535,1.4459412659106612,0.7341349720954895,0.7153636813163757,0.03993096728972075,0.39864056867397524,0.9309333156732009
fft_mlp,535,1.4459412659106612,0.7341349720954895,0.7153636813163757,0.00684458758776552,0.09520034677340389,0.28533381456913637
fft_mlp_old,535,1.4459412659106612,0.7341349720954895,0.7153636813163757,0.005263417050442955,0.0726902968760852,0.2851773720069917
raw_mocap,535,1.4459412659106612,0.7341349720954895,0.7153636813163757,0.005238712769662879,0.1589496080915707,0.4154970611046778
cubic_spline,535,1.4459412659106612,0.7341349720954895,0.7153636813163757,0.004967236191912886,0.15140646878686326,0.49140223675081335
cpg_matsuoka,535,1.4459412659106612,0.7341349720954895,0.7153636813163757,0.10312180998994476,0.7659152385836349,2.6593890929331594
fft_mlp_review,1039,0.6599698893229168,0.8370497822761536,0.8500540852546692,0.04504704937478369,0.41955643754314814,0.8062334366791021
fft_mlp,1039,0.6599698893229168,0.8370497822761536,0.8500540852546692,0.004479190365054488,0.1507127184725702,0.4413585885669249
fft_mlp_old,1039,0.6599698893229168,0.8370497822761536,0.8500540852546692,0.00707997573170684,0.18804112721127203,0.5303999240827778
raw_mocap,1039,0.6599698893229168,0.8370497822761536,0.8500540852546692,0.013381490868071126,0.20645873194154007,0.4231355887753144
cubic_spline,1039,0.6599698893229168,0.8370497822761536,0.8500540852546692,0.0055205903643167345,0.1687572761379716,0.4641064314196885
cpg_matsuoka,1039,0.6599698893229168,0.8370497822761536,0.8500540852546692,0.06879703648493775,0.6282420963102321,2.320128001367315
fft_mlp_review,432,0.5952447291890623,0.8017832636833191,0.8062092661857605,0.03518935225267811,0.37201780453141037,0.7296135763023557
fft_mlp,432,0.5952447291890623,0.8017832636833191,0.8062092661857605,0.0007317926263309948,0.05970585370782442,0.14254439981015718
fft_mlp_old,432,0.5952447291890623,0.8017832636833191,0.8062092661857605,0.002274391815548374,0.08438111408168406,0.22511713898821828
raw_mocap,432,0.5952447291890623,0.8017832636833191,0.8062092661857605,0.1406836515102522,0.6817742718114063,1.2243951028935565
cubic_spline,432,0.5952447291890623,0.8017832636833191,0.8062092661857605,0.016257607650992576,0.2656044572616618,0.8133704790220951
cpg_matsuoka,432,0.5952447291890623,0.8017832636833191,0.8062092661857605,0.05652004029767754,0.5646424566559426,2.074328796440677
fft_mlp_review,828,1.6464745692717724,0.8079240918159485,0.8084431886672974,0.043880982925337104,0.4310767054252672,1.0641603478333717
fft_mlp,828,1.6464745692717724,0.8079240918159485,0.8084431886672974,0.006450965605768563,0.12848421436911422,0.43072518061921833
fft_mlp_old,828,1.6464745692717724,0.8079240918159485,0.8084431886672974,0.011184231118696727,0.15727512349362102,0.48323434442440827
raw_mocap,828,1.6464745692717724,0.8079240918159485,0.8084431886672974,0.010204696897185256,0.16912378559094884,0.6219736314966444
cubic_spline,828,1.6464745692717724,0.8079240918159485,0.8084431886672974,0.007783039620710701,0.1684112815041421,0.6840113647620293
cpg_matsuoka,828,1.6464745692717724,0.8079240918159485,0.8084431886672974,0.11320830056290869,0.7984648691601591,2.826157019787768
fft_mlp_review,621,0.9395398869860772,0.7496078014373779,0.7579050064086914,0.01096264334013614,0.2283246851422969,0.7156587371029156
fft_mlp,621,0.9395398869860772,0.7496078014373779,0.7579050064086914,0.004100271787408786,0.09834223827648367,0.2617779803146809
fft_mlp_old,621,0.9395398869860772,0.7496078014373779,0.7579050064086914,0.003877743177784703,0.06961812425300636,0.153149635131688
raw_mocap,621,0.9395398869860772,0.7496078014373779,0.7579050064086914,0.005226207584012532,0.13118217704129218,0.44791747409815624
cubic_spline,621,0.9395398869860772,0.7496078014373779,0.7579050064086914,0.0036593583368764236,0.11325881721572652,0.3892175978658714
cpg_matsuoka,621,0.9395398869860772,0.7496078014373779,0.7579050064086914,0.06470606983601816,0.6063232001673483,2.136973110478992
fft_mlp_review,287,1.3920213999238407,0.7157157063484192,0.7084407806396484,0.03648878577526804,0.3833381427666791,0.8441040983938349
fft_mlp,287,1.3920213999238407,0.7157157063484192,0.7084407806396484,0.007393819619128927,0.11260234175722549,0.2690037041680334
fft_mlp_old,287,1.3920213999238407,0.7157157063484192,0.7084407806396484,0.004079678798828532,0.0723632374877189,0.19464144689737517
raw_mocap,287,1.3920213999238407,0.7157157063484192,0.7084407806396484,0.005961569400327541,0.10854594313037538,0.31159186462167643
cubic_spline,287,1.3920213999238407,0.7157157063484192,0.7084407806396484,0.008505347987310216,0.1436527543378457,0.4963938770312745
cpg_matsuoka,287,1.3920213999238407,0.7157157063484192,0.7084407806396484,0.09138378874871611,0.7236097233714172,2.4807017917835634
fft_mlp_review,451,0.31953412085700095,0.8022439479827881,0.821893572807312,0.03501294873563758,0.43672604289925976,0.7932403582587115
fft_mlp,451,0.31953412085700095,0.8022439479827881,0.821893572807312,0.05305571153950669,0.2649538097965271,0.7473434821836055
fft_mlp_old,451,0.31953412085700095,0.8022439479827881,0.821893572807312,0.05791114397004891,0.2745068498916686,0.7964555737101406
raw_mocap,451,0.31953412085700095,0.8022439479827881,0.821893572807312,0.0396417534507877,0.2178129836334821,0.5010003015827488
cubic_spline,451,0.31953412085700095,0.8022439479827881,0.821893572807312,0.06815069606351569,0.3648003731449764,0.9015065617983483
cpg_matsuoka,451,0.31953412085700095,0.8022439479827881,0.821893572807312,0.04656754860592729,0.5157732886580499,1.9138390767195441
fft_mlp_review,1013,0.3808077201315884,0.8192310929298401,0.8390863537788391,0.042179710619800824,0.48602169529744077,1.1590164064915687
fft_mlp,1013,0.3808077201315884,0.8192310929298401,0.8390863537788391,0.08621977864866932,0.35075681916791185,1.0519581113861791
fft_mlp_old,1013,0.3808077201315884,0.8192310929298401,0.8390863537788391,0.08302401631804492,0.35254010521516466,1.0117310123898344
raw_mocap,1013,0.3808077201315884,0.8192310929298401,0.8390863537788391,0.09990852516784098,0.5069971030530775,1.135765955520733
cubic_spline,1013,0.3808077201315884,0.8192310929298401,0.8390863537788391,0.09445507361501826,0.5499879451955225,1.13574872032241
cpg_matsuoka,1013,0.3808077201315884,0.8192310929298401,0.8390863537788391,0.05840431981201496,0.5784299783369677,2.118674722966679
fft_mlp_review,528,0.9630782477599753,0.7341349720954895,0.7153636813163757,0.0171098456323457,0.26628832765945426,0.739610991643694
fft_mlp,528,0.9630782477599753,0.7341349720954895,0.7153636813163757,0.009571408102847607,0.09391933495254207,0.2075390462627987
fft_mlp_old,528,0.9630782477599753,0.7341349720954895,0.7153636813163757,0.007335210099506293,0.06160915139144564,0.13178344770115166
raw_mocap,528,0.9630782477599753,0.7341349720954895,0.7153636813163757,0.017503298553991322,0.27973468323719314,0.9153605583389508
cubic_spline,528,0.9630782477599753,0.7341349720954895,0.7153636813163757,0.010670602716791986,0.22762697428271741,0.8147477900460999
cpg_matsuoka,528,0.9630782477599753,0.7341349720954895,0.7153636813163757,0.07072862011878499,0.6326358480047476,2.2110638039223627
fft_mlp_review,300,1.2184291244242234,0.855322539806366,0.8289530873298645,0.03313338050389129,0.28443348460585666,0.6670764746285979
fft_mlp,300,1.2184291244242234,0.855322539806366,0.8289530873298645,0.019932517078365276,0.11506279376637855,0.221640763283091
fft_mlp_old,300,1.2184291244242234,0.855322539806366,0.8289530873298645,0.018757788783343336,0.0890445445295195,0.20754436137951968
raw_mocap,300,1.2184291244242234,0.855322539806366,0.8289530873298645,0.022486247388659578,0.1652295059748548,0.5037533206337035
cubic_spline,300,1.2184291244242234,0.855322539806366,0.8289530873298645,0.018634212019452135,0.11475204764969413,0.3119206930106511
cpg_matsuoka,300,1.2184291244242234,0.855322539806366,0.8289530873298645,0.07765225831089073,0.6616136482098499,2.278654439376119
fft_mlp_review,752,1.0767126995584237,0.802338182926178,0.8089379072189331,0.02257762108849688,0.2778435913609896,0.8049863366897619
fft_mlp,752,1.0767126995584237,0.802338182926178,0.8089379072189331,0.014863346920303755,0.08856407570576823,0.19370674594353274
fft_mlp_old,752,1.0767126995584237,0.802338182926178,0.8089379072189331,0.014810753067961188,0.08189362496302977,0.16231719273805142
raw_mocap,752,1.0767126995584237,0.802338182926178,0.8089379072189331,0.01028330732245948,0.16058992295368635,0.489147944612915
cubic_spline,752,1.0767126995584237,0.802338182926178,0.8089379072189331,0.010144215979424831,0.1338541247901075,0.3728741237111528
cpg_matsuoka,752,1.0767126995584237,0.802338182926178,0.8089379072189331,0.09159161276244754,0.7162080917296028,2.567617666793559
fft_mlp_review,622,0.9390492216069648,0.7496078014373779,0.7579050064086914,0.012682892119107489,0.2278798223684904,0.6071392309123258
fft_mlp,622,0.9390492216069648,0.7496078014373779,0.7579050064086914,0.009645355493248095,0.103714455893931,0.27916502322943154
fft_mlp_old,622,0.9390492216069648,0.7496078014373779,0.7579050064086914,0.009651068193633433,0.07112600324906315,0.15226982526843344
raw_mocap,622,0.9390492216069648,0.7496078014373779,0.7579050064086914,0.0035069734885463696,0.14104291090272156,0.417844193410033
cubic_spline,622,0.9390492216069648,0.7496078014373779,0.7579050064086914,0.0033529731088677264,0.11529300999221474,0.4162938212807956
cpg_matsuoka,622,0.9390492216069648,0.7496078014373779,0.7579050064086914,0.0649550601286512,0.6095139208618593,2.0921354443543216
fft_mlp_review,995,0.668510044987494,0.8030359148979187,0.8173006772994995,0.03551609673401099,0.3778151214000843,0.8912453639038155
fft_mlp,995,0.668510044987494,0.8030359148979187,0.8173006772994995,0.004320372799074945,0.11985503523359622,0.3272389849993193
fft_mlp_old,995,0.668510044987494,0.8030359148979187,0.8173006772994995,0.0037732826356230774,0.09322035096550867,0.32087559142053185
raw_mocap,995,0.668510044987494,0.8030359148979187,0.8173006772994995,0.014405239612153916,0.16233637534673376,0.5734245751770678
cubic_spline,995,0.668510044987494,0.8030359148979187,0.8173006772994995,0.010710752096007685,0.18252472291935537,0.558770489903811
cpg_matsuoka,995,0.668510044987494,0.8030359148979187,0.8173006772994995,0.06788109359231435,0.6212809171131745,2.157622256425501
fft_mlp_review,34,1.1574854729492539,0.7743836045265198,0.7702332735061646,0.02483187628583841,0.27130241736794314,0.659586188397849
fft_mlp,34,1.1574854729492539,0.7743836045265198,0.7702332735061646,0.009868456685939305,0.12015403435605361,0.3735955214721635
fft_mlp_old,34,1.1574854729492539,0.7743836045265198,0.7702332735061646,0.013362482904336568,0.08250715623590614,0.11897396739458542
raw_mocap,34,1.1574854729492539,0.7743836045265198,0.7702332735061646,0.008345819927920065,0.17848777183041567,0.44780724734016225
cubic_spline,34,1.1574854729492539,0.7743836045265198,0.7702332735061646,0.006775155206029924,0.125579113160033,0.3518494535042949
cpg_matsuoka,34,1.1574854729492539,0.7743836045265198,0.7702332735061646,0.07046898690320545,0.6390146276099368,2.22939774125464
fft_mlp_review,286,1.230008402631327,0.7157157063484192,0.7084407806396484,0.02687466902783941,0.330564082198465,0.841149611271593
fft_mlp,286,1.230008402631327,0.7157157063484192,0.7084407806396484,0.003503730305231878,0.08695055110435052,0.23350618194119177
fft_mlp_old,286,1.230008402631327,0.7157157063484192,0.7084407806396484,0.0033165418341596447,0.07119568952216047,0.15504403063732972
raw_mocap,286,1.230008402631327,0.7157157063484192,0.7084407806396484,0.005109401734673151,0.15037449506149222,0.38681064594993214
cubic_spline,286,1.230008402631327,0.7157157063484192,0.7084407806396484,0.002922488563557387,0.1277326494506459,0.3694199052431986
cpg_matsuoka,286,1.230008402631327,0.7157157063484192,0.7084407806396484,0.08221130847546894,0.6873473047049969,2.3734501564465096
fft_mlp_review,314,0.6726823711760658,0.8188592791557312,0.8276320099830627,0.03791706506805565,0.4158488662608282,0.8960913888026266
fft_mlp,314,0.6726823711760658,0.8188592791557312,0.8276320099830627,0.004696428912120371,0.11633090207019083,0.3382301964960142
fft_mlp_old,314,0.6726823711760658,0.8188592791557312,0.8276320099830627,0.005970304574439828,0.10847330422106008,0.3158375534419577
raw_mocap,314,0.6726823711760658,0.8188592791557312,0.8276320099830627,0.02114482496306223,0.19118372626693653,0.6219021286399802
cubic_spline,314,0.6726823711760658,0.8188592791557312,0.8276320099830627,0.009981892785661283,0.19515322522111317,0.6085640717149049
cpg_matsuoka,314,0.6726823711760658,0.8188592791557312,0.8276320099830627,0.07674766760614503,0.6602226705038536,2.4340917172878815
fft_mlp_review,333,0.2994394079431311,0.8192465901374817,0.8261839747428894,0.04435973288321202,0.48682415222383346,1.1096029976731128
fft_mlp,333,0.2994394079431311,0.8192465901374817,0.8261839747428894,0.09025591082959543,0.4329708728339854,0.9364020140138853
fft_mlp_old,333,0.2994394079431311,0.8192465901374817,0.8261839747428894,0.08850142780091746,0.3752298021917001,0.9283109015376535
raw_mocap,333,0.2994394079431311,0.8192465901374817,0.8261839747428894,0.08712362786726215,0.5539687904731871,1.2579762183457202
cubic_spline,333,0.2994394079431311,0.8192465901374817,0.8261839747428894,0.08293872558814115,0.5309268732396625,1.060533931830556
cpg_matsuoka,333,0.2994394079431311,0.8192465901374817,0.8261839747428894,0.05323380431742177,0.5263875673101297,2.0131883547302567
fft_mlp_review,182,0.6702503551136363,0.8966478109359741,0.8902934789657593,0.044089167277314094,0.43408046498276054,0.8504527857608025
fft_mlp,182,0.6702503551136363,0.8966478109359741,0.8902934789657593,0.004266083679535681,0.15085680152884928,0.5398356675325765
fft_mlp_old,182,0.6702503551136363,0.8966478109359741,0.8902934789657593,0.0008195905338841816,0.06376843416963257,0.153174940291853
raw_mocap,182,0.6702503551136363,0.8966478109359741,0.8902934789657593,0.0016662279508173042,0.09617692689262715,0.2479510640136667
cubic_spline,182,0.6702503551136363,0.8966478109359741,0.8902934789657593,0.002793813875735927,0.11240506401473582,0.29728127485414074
cpg_matsuoka,182,0.6702503551136363,0.8966478109359741,0.8902934789657593,0.053781827790543836,0.5538550346308168,1.918577912834196
fft_mlp_review,49,0.5008562475218808,0.7213453650474548,0.7201067805290222,0.042836369966027577,0.4776482890193931,0.8314806431578239
fft_mlp,49,0.5008562475218808,0.7213453650474548,0.7201067805290222,0.010797061504229766,0.16027186240434413,0.4930353874249607
fft_mlp_old,49,0.5008562475218808,0.7213453650474548,0.7201067805290222,0.004519557547196421,0.06286679740024118,0.14418881331805591
raw_mocap,49,0.5008562475218808,0.7213453650474548,0.7201067805290222,0.1320139276954629,0.787355281785261,0.8704713442285622
cubic_spline,49,0.5008562475218808,0.7213453650474548,0.7201067805290222,0.1308370444434448,0.7272032622257366,0.867112004354845
cpg_matsuoka,49,0.5008562475218808,0.7213453650474548,0.7201067805290222,0.054945989788073336,0.5567843235174458,1.8811164053421
fft_mlp_review,102,1.1496844448886074,0.8644205927848816,0.8923356533050537,0.015771971486800897,0.24352263084612855,0.7765535283685713
fft_mlp,102,1.1496844448886074,0.8644205927848816,0.8923356533050537,0.019599288304194756,0.13410835327764456,0.3418178003096883
fft_mlp_old,102,1.1496844448886074,0.8644205927848816,0.8923356533050537,0.022768154201021257,0.10165624330722936,0.24560982621714778
raw_mocap,102,1.1496844448886074,0.8644205927848816,0.8923356533050537,0.014673662081711267,0.23729701021921215,0.7045925656197692
cubic_spline,102,1.1496844448886074,0.8644205927848816,0.8923356533050537,0.01649238620422586,0.20707505512315524,0.6128023677251765
cpg_matsuoka,102,1.1496844448886074,0.8644205927848816,0.8923356533050537,0.088045255518787,0.7047143118127289,2.5744066746414216
fft_mlp_review,687,1.1747844138340642,0.8344907760620117,0.8224448561668396,0.013660803599415098,0.24634175304310754,0.6088550204536055
fft_mlp,687,1.1747844138340642,0.8344907760620117,0.8224448561668396,0.0024498272061416588,0.08671574384882476,0.19213167307115606
fft_mlp_old,687,1.1747844138340642,0.8344907760620117,0.8224448561668396,0.0036300588667442144,0.07054487666607817,0.17082533009345072
raw_mocap,687,1.1747844138340642,0.8344907760620117,0.8224448561668396,0.006297578341493856,0.1112056347073359,0.26112195088380713
cubic_spline,687,1.1747844138340642,0.8344907760620117,0.8224448561668396,0.003279662617956212,0.10278838696542482,0.2805869553541624
cpg_matsuoka,687,1.1747844138340642,0.8344907760620117,0.8224448561668396,0.07543890217225195,0.653110675419689,2.3823992828006704
fft_mlp_review,41,1.9633200905539774,0.7743836045265198,0.7702332735061646,0.03817421626346306,0.44819590018888333,1.099796837464682
fft_mlp,41,1.9633200905539774,0.7743836045265198,0.7702332735061646,0.004533205558519811,0.1230944813959657,0.36216765292592323
fft_mlp_old,41,1.9633200905539774,0.7743836045265198,0.7702332735061646,0.0023233253217179806,0.09801836633128516,0.2849980944952515
raw_mocap,41,1.9633200905539774,0.7743836045265198,0.7702332735061646,0.010714155917374337,0.2000242540314693,0.5654569249108833
cubic_spline,41,1.9633200905539774,0.7743836045265198,0.7702332735061646,0.007609283027672481,0.1637698419671348,0.4151247074472833
cpg_matsuoka,41,1.9633200905539774,0.7743836045265198,0.7702332735061646,0.09752598072943912,0.7511983253249217,2.543422742626429
fft_mlp_review,275,0.9559904310438367,0.7157157063484192,0.7084407806396484,0.01471620614161064,0.26834125506150924,0.7448238430908182
fft_mlp,275,0.9559904310438367,0.7157157063484192,0.7084407806396484,0.004064151211010573,0.08215166138187673,0.2158834674307759
fft_mlp_old,275,0.9559904310438367,0.7157157063484192,0.7084407806396484,0.004231143376713767,0.08143088750527856,0.20107625456848202
raw_mocap,275,0.9559904310438367,0.7157157063484192,0.7084407806396484,0.0074944828109183735,0.1608924057022296,0.5741743898172352
cubic_spline,275,0.9559904310438367,0.7157157063484192,0.7084407806396484,0.00849723292068593,0.1958423531719043,0.6857462115039867
cpg_matsuoka,275,0.9559904310438367,0.7157157063484192,0.7084407806396484,0.0743429903277323,0.6485998512433813,2.3150193465184254
fft_mlp_review,675,0.6705359003151277,0.8344907760620117,0.8224448561668396,0.02855277267291045,0.3463574774593491,0.7283082013655031
fft_mlp,675,0.6705359003151277,0.8344907760620117,0.8224448561668396,0.0040393546385234635,0.10325170037235018,0.28838648257734956
fft_mlp_old,675,0.6705359003151277,0.8344907760620117,0.8224448561668396,0.004149282106413472,0.0543590857698676,0.1503844037758427
raw_mocap,675,0.6705359003151277,0.8344907760620117,0.8224448561668396,0.01528131570760738,0.16730010179376845,0.4873979145282376
cubic_spline,675,0.6705359003151277,0.8344907760620117,0.8224448561668396,0.008920141341946288,0.17133736513214012,0.49868558437936733
cpg_matsuoka,675,0.6705359003151277,0.8344907760620117,0.8224448561668396,0.06073884888386882,0.5915237177358976,2.1835497807259165
fft_mlp_review,749,1.032075277792441,0.802338182926178,0.8089379072189331,0.024944739813855654,0.26172705393778506,0.787145611839453
fft_mlp,749,1.032075277792441,0.802338182926178,0.8089379072189331,0.0214707850774928,0.10494439371972152,0.19399755286780176
fft_mlp_old,749,1.032075277792441,0.802338182926178,0.8089379072189331,0.01923645898676941,0.11011888176835333,0.23917182891476374
raw_mocap,749,1.032075277792441,0.802338182926178,0.8089379072189331,0.03380227966768568,0.2683114802876131,0.664823618168501
cubic_spline,749,1.032075277792441,0.802338182926178,0.8089379072189331,0.018212549316632926,0.18035337982343752,0.5775661758328012
cpg_matsuoka,749,1.032075277792441,0.802338182926178,0.8089379072189331,0.08740878676441881,0.6995840452267463,2.527844270878586
fft_mlp_review,908,0.21323850884096224,0.7751489281654358,0.7883797287940979,0.043065423779131584,0.48263089292863154,1.0552580789170818
fft_mlp,908,0.21323850884096224,0.7751489281654358,0.7883797287940979,0.054124419304247905,0.3027392337663358,1.0319222431216735
fft_mlp_old,908,0.21323850884096224,0.7751489281654358,0.7883797287940979,0.055994202199360334,0.2927162372208177,0.8515225854115064
raw_mocap,908,0.21323850884096224,0.7751489281654358,0.7883797287940979,0.0684695794921041,0.44347092781315095,1.0015232606842304
cubic_spline,908,0.21323850884096224,0.7751489281654358,0.7883797287940979,0.05515402681305903,0.42018951838963947,1.0146323890589006
cpg_matsuoka,908,0.21323850884096224,0.7751489281654358,0.7883797287940979,0.04178614856175125,0.45656086222371756,1.7856233898873184
fft_mlp_review,437,0.9193676757812501,0.8017832636833191,0.8062092661857605,0.010835384390895056,0.22554338204316718,0.7217581102405445
fft_mlp,437,0.9193676757812501,0.8017832636833191,0.8062092661857605,0.003348001134830784,0.08281565179418644,0.210543365175329
fft_mlp_old,437,0.9193676757812501,0.8017832636833191,0.8062092661857605,0.0027146172408785752,0.0933526328786973,0.2473072148883375
raw_mocap,437,0.9193676757812501,0.8017832636833191,0.8062092661857605,0.01543358964959298,0.2347670933366512,0.7590373934328949
cubic_spline,437,0.9193676757812501,0.8017832636833191,0.8062092661857605,0.0029713571224939672,0.10011459853930692,0.3771972694445947
cpg_matsuoka,437,0.9193676757812501,0.8017832636833191,0.8062092661857605,0.06839979587147342,0.619730585101218,2.2173468841209085
fft_mlp_review,491,1.3888159099378086,0.7058945894241333,0.7136680483818054,0.028223362991713036,0.348029118838414,0.852843656646843
fft_mlp,491,1.3888159099378086,0.7058945894241333,0.7136680483818054,0.0027864869853730947,0.10802515665475321,0.2681299135887301
fft_mlp_old,491,1.3888159099378086,0.7058945894241333,0.7136680483818054,0.002113120042431675,0.0917492117320019,0.17483125244583078
raw_mocap,491,1.3888159099378086,0.7058945894241333,0.7136680483818054,0.0027149383192002267,0.12030465944552364,0.3149622106135694
cubic_spline,491,1.3888159099378086,0.7058945894241333,0.7136680483818054,0.004812310381242372,0.14496106063144676,0.4122336582814816
cpg_matsuoka,491,1.3888159099378086,0.7058945894241333,0.7136680483818054,0.08549107659869926,0.7020465430299331,2.474629032679259
fft_mlp_review,141,0.9198577315719039,0.8373881578445435,0.8383663892745972,0.012641250024474823,0.22740701859537304,0.7602716412798051
fft_mlp,141,0.9198577315719039,0.8373881578445435,0.8383663892745972,0.010853151505308948,0.1390897383687898,0.4188421031606251
fft_mlp_old,141,0.9198577315719039,0.8373881578445435,0.8383663892745972,0.012530817022758165,0.12281407911012467,0.31724908218164755
raw_mocap,141,0.9198577315719039,0.8373881578445435,0.8383663892745972,0.015581340682681142,0.2500704489919281,0.7904158526706196
cubic_spline,141,0.9198577315719039,0.8373881578445435,0.8383663892745972,0.004983355735091729,0.12599879755204055,0.41609846606679407
cpg_matsuoka,141,0.9198577315719039,0.8373881578445435,0.8383663892745972,0.06573072693950711,0.6094677008128538,2.1967961748040685
fft_mlp_review,706,1.1598880362910264,0.8277120590209961,0.8376029133796692,0.023139734151722092,0.255409101778719,0.6137376413205029
fft_mlp,706,1.1598880362910264,0.8277120590209961,0.8376029133796692,0.014249273594928655,0.08316232910978864,0.2236160020039588
fft_mlp_old,706,1.1598880362910264,0.8277120590209961,0.8376029133796692,0.015760744413608398,0.0825746891529103,0.16288665524044002
raw_mocap,706,1.1598880362910264,0.8277120590209961,0.8376029133796692,0.007504709033818616,0.11057277093072494,0.3051465990926298
cubic_spline,706,1.1598880362910264,0.8277120590209961,0.8376029133796692,0.012065481089554618,0.12040050646682493,0.386615446950076
cpg_matsuoka,706,1.1598880362910264,0.8277120590209961,0.8376029133796692,0.0852605662438431,0.6960874884245156,2.505979702283665
fft_mlp_review,973,0.2592688112842793,0.9167536497116089,0.9164755344390869,0.031373768592689345,0.4186464381827557,0.8293456713642255
fft_mlp,973,0.2592688112842793,0.9167536497116089,0.9164755344390869,0.037421623200017816,0.24525407464631374,0.8289190731186961
fft_mlp_old,973,0.2592688112842793,0.9167536497116089,0.9164755344390869,0.03486238313019966,0.23596178289399486,0.7169872805117429
raw_mocap,973,0.2592688112842793,0.9167536497116089,0.9164755344390869,0.04914373508408193,0.4858786613540497,1.177706981316507
cubic_spline,973,0.2592688112842793,0.9167536497116089,0.9164755344390869,0.05400405745996978,0.3819113924821893,1.050825183837093
cpg_matsuoka,973,0.2592688112842793,0.9167536497116089,0.9164755344390869,0.04006904613644912,0.47477215734776207,1.795701783209835
