demo type,cmd speed,angle,mean speed,noise level,resolution,success,max range,trial_no,steps taken
rotation,0.2,-15.0,0.32838985481868854,,,1,,,48.0
rotation,0.29000000000000004,-15.0,0.3204246029515552,,,1,,,47.0
rotation,0.38,-15.0,0.39459903433454907,,,1,,,35.0
rotation,0.47000000000000003,-15.0,0.5014312620571602,,,1,,,42.0
rotation,0.56,-15.0,0.5907159397975401,,,1,,,33.0
rotation,0.6499999999999999,-15.0,0.6797806850046165,,,1,,,52.0
rotation,0.74,-15.0,0.7556408661542117,,,1,,,59.0
rotation,0.8300000000000001,-15.0,0.8525935873072471,,,1,,,48.0
rotation,0.9199999999999999,-15.0,0.9401293246691417,,,1,,,42.0
rotation,1.01,-15.0,1.0181568938686227,,,1,,,50.0
rotation,1.0999999999999999,-15.0,1.0919307815832593,,,1,,,57.0
rotation,1.19,-15.0,1.1966381336842733,,,1,,,45.0
rotation,1.28,-15.0,1.2852534948103636,,,1,,,66.0
rotation,1.3699999999999999,-15.0,1.3502623724433296,,,1,,,62.0
rotation,1.46,-15.0,1.4435123079671568,,,1,,,42.0
rotation,1.5499999999999998,-15.0,1.5419889083903373,,,1,,,53.0
rotation,1.64,-15.0,1.6181508843445,,,1,,,52.0
rotation,1.73,-15.0,1.695065948904382,,,1,,,65.0
rotation,1.8199999999999998,-15.0,1.7630174599752928,,,1,,,46.0
rotation,1.91,-15.0,1.8609006676985291,,,1,,,51.0
rotation,2.0,-15.0,1.941660361491252,,,1,,,50.0
rotation,0.2,-14.0,0.3584205552474467,,,1,,,59.0
rotation,0.29000000000000004,-14.0,0.331361200725693,,,1,,,72.0
rotation,0.38,-14.0,0.4134259030771014,,,1,,,36.0
rotation,0.47000000000000003,-14.0,0.4889810642762911,,,1,,,31.0
rotation,0.56,-14.0,0.5791459535770106,,,1,,,34.0
rotation,0.6499999999999999,-14.0,0.6731107420000045,,,1,,,48.0
rotation,0.74,-14.0,0.7511490664072049,,,1,,,45.0
rotation,0.8300000000000001,-14.0,0.8401624793217413,,,1,,,50.0
rotation,0.9199999999999999,-14.0,0.9320463041837982,,,1,,,56.0
rotation,1.01,-14.0,1.0299435184133272,,,1,,,58.0
rotation,1.0999999999999999,-14.0,1.1108778803473154,,,1,,,43.0
rotation,1.19,-14.0,1.1986936472038925,,,1,,,38.0
rotation,1.28,-14.0,1.2840489940361104,,,1,,,48.0
rotation,1.3699999999999999,-14.0,1.3721217580787488,,,1,,,48.0
rotation,1.46,-14.0,1.4444073127929162,,,1,,,47.0
rotation,1.5499999999999998,-14.0,1.521679674617058,,,1,,,47.0
rotation,1.64,-14.0,1.6135551625691562,,,1,,,46.0
rotation,1.73,-14.0,1.6829691432621103,,,1,,,63.0
rotation,1.8199999999999998,-14.0,1.762429255887992,,,1,,,53.0
rotation,1.91,-14.0,1.8616869982580837,,,1,,,45.0
rotation,2.0,-14.0,1.9330310758397662,,,1,,,50.0
rotation,0.2,-13.0,0.23745764581696838,,,1,,,52.0
rotation,0.29000000000000004,-13.0,0.3330665826530135,,,1,,,46.0
rotation,0.38,-13.0,0.3953140137469897,,,1,,,46.0
rotation,0.47000000000000003,-13.0,0.5108254591029322,,,1,,,46.0
rotation,0.56,-13.0,0.5917675199462162,,,1,,,54.0
rotation,0.6499999999999999,-13.0,0.6641791706976751,,,1,,,41.0
rotation,0.74,-13.0,0.7397090342710572,,,1,,,62.0
rotation,0.8300000000000001,-13.0,0.8389732076481975,,,1,,,49.0
rotation,0.9199999999999999,-13.0,0.9354858440921285,,,1,,,46.0
rotation,1.01,-13.0,1.0123847239887604,,,1,,,44.0
rotation,1.0999999999999999,-13.0,1.1040516684460329,,,1,,,50.0
rotation,1.19,-13.0,1.1956739626104096,,,1,,,50.0
rotation,1.28,-13.0,1.2479910688760893,,,1,,,56.0
rotation,1.3699999999999999,-13.0,1.353828964649005,,,1,,,54.0
rotation,1.46,-13.0,1.4406746145874596,,,1,,,41.0
rotation,1.5499999999999998,-13.0,1.5170273987248377,,,1,,,46.0
rotation,1.64,-13.0,1.5893757632803955,,,1,,,45.0
rotation,1.73,-13.0,1.6768116486367342,,,1,,,54.0
rotation,1.8199999999999998,-13.0,1.7690873175121158,,,1,,,52.0
rotation,1.91,-13.0,1.8614627110903121,,,1,,,45.0
rotation,2.0,-13.0,1.9218403481920983,,,1,,,57.0
rotation,0.2,-12.0,0.245357951235697,,,1,,,46.0
rotation,0.29000000000000004,-12.0,0.31839577412133635,,,1,,,64.0
rotation,0.38,-12.0,0.4041695618011716,,,1,,,44.0
rotation,0.47000000000000003,-12.0,0.47977482109014996,,,1,,,60.0
rotation,0.56,-12.0,0.5595410422674015,,,1,,,28.0
rotation,0.6499999999999999,-12.0,0.6597122419733336,,,1,,,48.0
rotation,0.74,-12.0,0.7421634609598183,,,1,,,45.0
rotation,0.8300000000000001,-12.0,0.8304157535857892,,,1,,,42.0
rotation,0.9199999999999999,-12.0,0.9283539592591149,,,1,,,51.0
rotation,1.01,-12.0,1.0037099714358626,,,1,,,56.0
rotation,1.0999999999999999,-12.0,1.0996452834438517,,,1,,,54.0
rotation,1.19,-12.0,1.1883902960493886,,,1,,,37.0
rotation,1.28,-12.0,1.2676979643144486,,,1,,,75.0
rotation,1.3699999999999999,-12.0,1.3481288368282465,,,1,,,34.0
rotation,1.46,-12.0,1.4243352804035883,,,1,,,40.0
rotation,1.5499999999999998,-12.0,1.5241273165421294,,,1,,,54.0
rotation,1.64,-12.0,1.5939821541285972,,,1,,,49.0
rotation,1.73,-12.0,1.6719150651745913,,,1,,,67.0
rotation,1.8199999999999998,-12.0,1.7688391604892029,,,1,,,41.0
rotation,1.91,-12.0,1.8485093628611018,,,1,,,51.0
rotation,2.0,-12.0,1.930610579671483,,,1,,,37.0
rotation,0.2,-11.0,0.2296706390384344,,,1,,,53.0
rotation,0.29000000000000004,-11.0,0.3144847922334674,,,1,,,32.0
rotation,0.38,-11.0,0.40244830885974453,,,1,,,55.0
rotation,0.47000000000000003,-11.0,0.4797161865433435,,,1,,,39.0
rotation,0.56,-11.0,0.5728984873713071,,,1,,,38.0
rotation,0.6499999999999999,-11.0,0.6418313111575962,,,1,,,56.0
rotation,0.74,-11.0,0.7412542489946882,,,1,,,51.0
rotation,0.8300000000000001,-11.0,0.8347116247154368,,,1,,,36.0
rotation,0.9199999999999999,-11.0,0.9153631308129956,,,1,,,52.0
rotation,1.01,-11.0,0.9986419753381902,,,1,,,48.0
rotation,1.0999999999999999,-11.0,1.1022416213996478,,,1,,,44.0
rotation,1.19,-11.0,1.1829004434648842,,,1,,,60.0
rotation,1.28,-11.0,1.2527734292146249,,,1,,,52.0
rotation,1.3699999999999999,-11.0,1.3417578749871055,,,1,,,38.0
rotation,1.46,-11.0,1.4270963602009623,,,1,,,41.0
rotation,1.5499999999999998,-11.0,1.5155376735372854,,,1,,,49.0
rotation,1.64,-11.0,1.5953263160605389,,,1,,,45.0
rotation,1.73,-11.0,1.6807065558219836,,,1,,,41.0
rotation,1.8199999999999998,-11.0,1.7546187493784295,,,1,,,50.0
rotation,1.91,-11.0,1.8557421863770074,,,1,,,35.0
rotation,2.0,-11.0,1.9421503706643912,,,1,,,35.0
rotation,0.2,-10.0,0.2215898241284772,,,1,,,37.0
rotation,0.29000000000000004,-10.0,0.31535946490798134,,,1,,,52.0
rotation,0.38,-10.0,0.3877926672666745,,,1,,,65.0
rotation,0.47000000000000003,-10.0,0.4702328474022976,,,1,,,37.0
rotation,0.56,-10.0,0.5597019821465757,,,1,,,58.0
rotation,0.6499999999999999,-10.0,0.647719877393047,,,1,,,67.0
rotation,0.74,-10.0,0.735544978218626,,,1,,,41.0
rotation,0.8300000000000001,-10.0,0.8224255862583889,,,1,,,43.0
rotation,0.9199999999999999,-10.0,0.9175516597147139,,,1,,,42.0
rotation,1.01,-10.0,1.0002970629334877,,,1,,,55.0
rotation,1.0999999999999999,-10.0,1.0842847097108816,,,1,,,44.0
rotation,1.19,-10.0,1.1501734948966946,,,1,,,51.0
rotation,1.28,-10.0,1.2459524285340224,,,1,,,43.0
rotation,1.3699999999999999,-10.0,1.3307497608366903,,,1,,,41.0
rotation,1.46,-10.0,1.4076554703094037,,,1,,,49.0
rotation,1.5499999999999998,-10.0,1.5183445221078902,,,1,,,47.0
rotation,1.64,-10.0,1.5875697815561505,,,1,,,40.0
rotation,1.73,-10.0,1.6686394532992521,,,1,,,53.0
rotation,1.8199999999999998,-10.0,1.749472715368184,,,1,,,42.0
rotation,1.91,-10.0,1.838424463641446,,,1,,,45.0
rotation,2.0,-10.0,1.9234479447675792,,,1,,,41.0
rotation,0.2,-9.0,0.2174856593117375,,,1,,,34.0
rotation,0.29000000000000004,-9.0,0.30495612122784777,,,1,,,35.0
rotation,0.38,-9.0,0.3798653655980564,,,1,,,36.0
rotation,0.47000000000000003,-9.0,0.476352279764551,,,1,,,63.0
rotation,0.56,-9.0,0.5582424315104635,,,1,,,42.0
rotation,0.6499999999999999,-9.0,0.6512262406240489,,,1,,,41.0
rotation,0.74,-9.0,0.7387009779272674,,,1,,,47.0
rotation,0.8300000000000001,-9.0,0.8234970956621481,,,1,,,57.0
rotation,0.9199999999999999,-9.0,0.91214099599298,,,1,,,53.0
rotation,1.01,-9.0,0.9972002504901107,,,1,,,50.0
rotation,1.0999999999999999,-9.0,1.0756396632684682,,,1,,,44.0
rotation,1.19,-9.0,1.1652338094333874,,,1,,,54.0
rotation,1.28,-9.0,1.2525313735753691,,,1,,,44.0
rotation,1.3699999999999999,-9.0,1.337728065491417,,,1,,,46.0
rotation,1.46,-9.0,1.423801758580603,,,1,,,45.0
rotation,1.5499999999999998,-9.0,1.502539242634592,,,1,,,48.0
rotation,1.64,-9.0,1.5826450464963344,,,1,,,47.0
rotation,1.73,-9.0,1.667288982562962,,,1,,,45.0
rotation,1.8199999999999998,-9.0,1.751302570883377,,,1,,,54.0
rotation,1.91,-9.0,1.8483273516090668,,,1,,,46.0
rotation,2.0,-9.0,1.9360054432280756,,,1,,,57.0
rotation,0.2,-8.0,0.19981350253104843,,,1,,,35.0
rotation,0.29000000000000004,-8.0,0.291090895716295,,,1,,,34.0
rotation,0.38,-8.0,0.3814152519070126,,,1,,,40.0
rotation,0.47000000000000003,-8.0,0.4752115530570736,,,1,,,55.0
rotation,0.56,-8.0,0.558456689203401,,,1,,,36.0
rotation,0.6499999999999999,-8.0,0.6435294703755986,,,1,,,52.0
rotation,0.74,-8.0,0.7246716583898473,,,1,,,41.0
rotation,0.8300000000000001,-8.0,0.8154977629793452,,,1,,,43.0
rotation,0.9199999999999999,-8.0,0.9052035287762757,,,1,,,47.0
rotation,1.01,-8.0,0.9943408550718655,,,1,,,58.0
rotation,1.0999999999999999,-8.0,1.0721188408867837,,,1,,,41.0
rotation,1.19,-8.0,1.1718300002848119,,,1,,,45.0
rotation,1.28,-8.0,1.247279447740988,,,1,,,39.0
rotation,1.3699999999999999,-8.0,1.3264344401548938,,,1,,,44.0
rotation,1.46,-8.0,1.4174369537646558,,,1,,,43.0
rotation,1.5499999999999998,-8.0,1.5095548753686616,,,1,,,45.0
rotation,1.64,-8.0,1.58290513483137,,,1,,,31.0
rotation,1.73,-8.0,1.6642342915102493,,,1,,,41.0
rotation,1.8199999999999998,-8.0,1.76848136749022,,,1,,,49.0
rotation,1.91,-8.0,1.8353430813119667,,,1,,,34.0
rotation,2.0,-8.0,1.9233548948026682,,,1,,,64.0
rotation,0.2,-7.0,0.1997743474047101,,,1,,,44.0
rotation,0.29000000000000004,-7.0,0.29645406812098635,,,1,,,47.0
rotation,0.38,-7.0,0.36413899038224823,,,1,,,48.0
rotation,0.47000000000000003,-7.0,0.46948275818546165,,,1,,,44.0
rotation,0.56,-7.0,0.559547305555506,,,1,,,41.0
rotation,0.6499999999999999,-7.0,0.6376976727501306,,,1,,,32.0
rotation,0.74,-7.0,0.7298300272564759,,,1,,,47.0
rotation,0.8300000000000001,-7.0,0.8188316676767986,,,1,,,45.0
rotation,0.9199999999999999,-7.0,0.9032379664932254,,,1,,,43.0
rotation,1.01,-7.0,0.9796237149960124,,,1,,,49.0
rotation,1.0999999999999999,-7.0,1.0647522823704394,,,1,,,39.0
rotation,1.19,-7.0,1.1534525740848272,,,1,,,38.0
rotation,1.28,-7.0,1.2350114181934904,,,1,,,37.0
rotation,1.3699999999999999,-7.0,1.3287084251855192,,,1,,,43.0
rotation,1.46,-7.0,1.415485288602998,,,1,,,43.0
rotation,1.5499999999999998,-7.0,1.4956801324092515,,,1,,,40.0
rotation,1.64,-7.0,1.586205057914344,,,1,,,42.0
rotation,1.73,-7.0,1.6615251127920632,,,1,,,44.0
rotation,1.8199999999999998,-7.0,1.7486820735962283,,,1,,,48.0
rotation,1.91,-7.0,1.8288602715383575,,,1,,,50.0
rotation,2.0,-7.0,1.921378264706653,,,1,,,39.0
rotation,0.2,-6.0,0.20815502890085344,,,1,,,37.0
rotation,0.29000000000000004,-6.0,0.2983468857234322,,,1,,,36.0
rotation,0.38,-6.0,0.3819144212338837,,,1,,,52.0
rotation,0.47000000000000003,-6.0,0.4630979371144197,,,1,,,59.0
rotation,0.56,-6.0,0.5532215568766385,,,1,,,52.0
rotation,0.6499999999999999,-6.0,0.6453200779221219,,,1,,,48.0
rotation,0.74,-6.0,0.7220066208698209,,,1,,,43.0
rotation,0.8300000000000001,-6.0,0.8108218877492214,,,1,,,49.0
rotation,0.9199999999999999,-6.0,0.9025828274932515,,,1,,,37.0
rotation,1.01,-6.0,0.9845207552985286,,,1,,,37.0
rotation,1.0999999999999999,-6.0,1.0578031464532391,,,1,,,45.0
rotation,1.19,-6.0,1.148183199150626,,,1,,,39.0
rotation,1.28,-6.0,1.2346757998655293,,,1,,,45.0
rotation,1.3699999999999999,-6.0,1.3333110160425243,,,1,,,49.0
rotation,1.46,-6.0,1.4158550778920194,,,1,,,41.0
rotation,1.5499999999999998,-6.0,1.4915028771246857,,,1,,,44.0
rotation,1.64,-6.0,1.5677786243810754,,,1,,,50.0
rotation,1.73,-6.0,1.6624536771163927,,,1,,,55.0
rotation,1.8199999999999998,-6.0,1.747411348327989,,,1,,,47.0
rotation,1.91,-6.0,1.830098475704314,,,1,,,46.0
rotation,2.0,-6.0,1.9164949887603477,,,1,,,50.0
rotation,0.2,-5.0,0.20778844975698765,,,1,,,52.0
rotation,0.29000000000000004,-5.0,0.28971263179392553,,,1,,,43.0
rotation,0.38,-5.0,0.3832690574280335,,,1,,,50.0
rotation,0.47000000000000003,-5.0,0.4539961460136284,,,1,,,33.0
rotation,0.56,-5.0,0.5511963092786405,,,1,,,44.0
rotation,0.6499999999999999,-5.0,0.6392354164091215,,,1,,,63.0
rotation,0.74,-5.0,0.724323338921924,,,1,,,51.0
rotation,0.8300000000000001,-5.0,0.8126774699035427,,,1,,,44.0
rotation,0.9199999999999999,-5.0,0.8928390972549417,,,1,,,58.0
rotation,1.01,-5.0,0.9733522098734735,,,1,,,48.0
rotation,1.0999999999999999,-5.0,1.0591797483501597,,,1,,,53.0
rotation,1.19,-5.0,1.150771930377403,,,1,,,48.0
rotation,1.28,-5.0,1.2457060783499623,,,1,,,47.0
rotation,1.3699999999999999,-5.0,1.326476665132429,,,1,,,46.0
rotation,1.46,-5.0,1.4072404075680478,,,1,,,45.0
rotation,1.5499999999999998,-5.0,1.4945133868694584,,,1,,,40.0
rotation,1.64,-5.0,1.5814362898716403,,,1,,,43.0
rotation,1.73,-5.0,1.657904798416831,,,1,,,50.0
rotation,1.8199999999999998,-5.0,1.742755352765065,,,1,,,44.0
rotation,1.91,-5.0,1.8307526353198853,,,1,,,48.0
rotation,2.0,-5.0,1.9062055598917114,,,1,,,50.0
rotation,0.2,-4.0,0.2103929147571375,,,1,,,22.0
rotation,0.29000000000000004,-4.0,0.28683110599922235,,,1,,,30.0
rotation,0.38,-4.0,0.3730952385251325,,,1,,,28.0
rotation,0.47000000000000003,-4.0,0.47602322757364157,,,1,,,43.0
rotation,0.56,-4.0,0.5472514822348212,,,1,,,44.0
rotation,0.6499999999999999,-4.0,0.6375416871212156,,,1,,,54.0
rotation,0.74,-4.0,0.7273591131546139,,,1,,,33.0
rotation,0.8300000000000001,-4.0,0.8099660243412347,,,1,,,48.0
rotation,0.9199999999999999,-4.0,0.8941261388739249,,,1,,,47.0
rotation,1.01,-4.0,0.9756222414840888,,,1,,,69.0
rotation,1.0999999999999999,-4.0,1.054157514557346,,,1,,,50.0
rotation,1.19,-4.0,1.1537922412529658,,,1,,,40.0
rotation,1.28,-4.0,1.2362621815959118,,,1,,,47.0
rotation,1.3699999999999999,-4.0,1.3222525603512951,,,1,,,51.0
rotation,1.46,-4.0,1.4120648425172693,,,1,,,40.0
rotation,1.5499999999999998,-4.0,1.4940586809109206,,,1,,,38.0
rotation,1.64,-4.0,1.5723704420104745,,,1,,,39.0
rotation,1.73,-4.0,1.6502058843846414,,,1,,,61.0
rotation,1.8199999999999998,-4.0,1.7506459448241831,,,1,,,47.0
rotation,1.91,-4.0,1.8305922916831598,,,1,,,46.0
rotation,2.0,-4.0,1.9099878873541325,,,1,,,53.0
rotation,0.2,-3.0,0.2061222664652533,,,1,,,28.0
rotation,0.29000000000000004,-3.0,0.29057831331021905,,,1,,,52.0
rotation,0.38,-3.0,0.3734672063083311,,,1,,,25.0
rotation,0.47000000000000003,-3.0,0.4668505573421555,,,1,,,33.0
rotation,0.56,-3.0,0.542770707762061,,,1,,,40.0
rotation,0.6499999999999999,-3.0,0.6419980461720823,,,1,,,36.0
rotation,0.74,-3.0,0.7209554642590251,,,1,,,37.0
rotation,0.8300000000000001,-3.0,0.8049486140271762,,,1,,,43.0
rotation,0.9199999999999999,-3.0,0.8825718869569568,,,1,,,38.0
rotation,1.01,-3.0,0.977005861358887,,,1,,,53.0
rotation,1.0999999999999999,-3.0,1.055206721944698,,,1,,,47.0
rotation,1.19,-3.0,1.1368154747779482,,,1,,,44.0
rotation,1.28,-3.0,1.2292544421077884,,,1,,,45.0
rotation,1.3699999999999999,-3.0,1.321304022335832,,,1,,,44.0
rotation,1.46,-3.0,1.409471297568223,,,1,,,53.0
rotation,1.5499999999999998,-3.0,1.4798126125455144,,,1,,,53.0
rotation,1.64,-3.0,1.5764794870387293,,,1,,,58.0
rotation,1.73,-3.0,1.6582770059630831,,,1,,,45.0
rotation,1.8199999999999998,-3.0,1.738718509956273,,,1,,,50.0
rotation,1.91,-3.0,1.8271316652580445,,,1,,,52.0
rotation,2.0,-3.0,1.9143959294929955,,,1,,,42.0
rotation,0.2,-2.0,0.20881154307719083,,,1,,,33.0
rotation,0.29000000000000004,-2.0,0.2850111741868376,,,1,,,36.0
rotation,0.38,-2.0,0.37838076342899846,,,1,,,40.0
rotation,0.47000000000000003,-2.0,0.46203472150037833,,,1,,,36.0
rotation,0.56,-2.0,0.545020628691041,,,1,,,38.0
rotation,0.6499999999999999,-2.0,0.6290716109681741,,,1,,,28.0
rotation,0.74,-2.0,0.7144354741030762,,,1,,,54.0
rotation,0.8300000000000001,-2.0,0.8049896945660918,,,1,,,49.0
rotation,0.9199999999999999,-2.0,0.895936017584301,,,1,,,44.0
rotation,1.01,-2.0,0.9826428784989348,,,1,,,35.0
rotation,1.0999999999999999,-2.0,1.0599964766191203,,,1,,,43.0
rotation,1.19,-2.0,1.1453866988166246,,,1,,,48.0
rotation,1.28,-2.0,1.2365267727428464,,,1,,,53.0
rotation,1.3699999999999999,-2.0,1.3225267602509412,,,1,,,51.0
rotation,1.46,-2.0,1.4080433197632896,,,1,,,47.0
rotation,1.5499999999999998,-2.0,1.4941197288160222,,,1,,,63.0
rotation,1.64,-2.0,1.5726536400859337,,,1,,,53.0
rotation,1.73,-2.0,1.647428727549537,,,1,,,39.0
rotation,1.8199999999999998,-2.0,1.7278375348496597,,,1,,,48.0
rotation,1.91,-2.0,1.8425892774647445,,,1,,,58.0
rotation,2.0,-2.0,1.9070626351629683,,,1,,,52.0
rotation,0.2,-1.0,0.20705619829248403,,,1,,,37.0
rotation,0.29000000000000004,-1.0,0.29135271758762477,,,1,,,37.0
rotation,0.38,-1.0,0.3693155558093008,,,1,,,21.0
rotation,0.47000000000000003,-1.0,0.4668483276932038,,,1,,,33.0
rotation,0.56,-1.0,0.5443787293689156,,,1,,,47.0
rotation,0.6499999999999999,-1.0,0.6252632959070501,,,1,,,43.0
rotation,0.74,-1.0,0.7141058360482253,,,1,,,48.0
rotation,0.8300000000000001,-1.0,0.80171943636465,,,1,,,44.0
rotation,0.9199999999999999,-1.0,0.8841818950686892,,,1,,,39.0
rotation,1.01,-1.0,0.9736960128063202,,,1,,,46.0
rotation,1.0999999999999999,-1.0,1.059110961055432,,,1,,,46.0
rotation,1.19,-1.0,1.1482058539219397,,,1,,,46.0
rotation,1.28,-1.0,1.2278092713065458,,,1,,,39.0
rotation,1.3699999999999999,-1.0,1.3061792543485817,,,1,,,46.0
rotation,1.46,-1.0,1.3996227396297367,,,1,,,41.0
rotation,1.5499999999999998,-1.0,1.489423116740112,,,1,,,42.0
rotation,1.64,-1.0,1.5614853603275938,,,1,,,63.0
rotation,1.73,-1.0,1.6575416843180555,,,1,,,45.0
rotation,1.8199999999999998,-1.0,1.7394757655388322,,,1,,,60.0
rotation,1.91,-1.0,1.828736433639154,,,1,,,63.0
rotation,2.0,-1.0,1.9023657695819551,,,1,,,63.0
rotation,0.2,0.0,0.19722217707192993,,,1,,,25.0
rotation,0.29000000000000004,0.0,0.29714696704263327,,,1,,,23.0
rotation,0.38,0.0,0.3749539243501687,,,1,,,33.0
rotation,0.47000000000000003,0.0,0.4616918068367095,,,1,,,43.0
rotation,0.56,0.0,0.5403113816299283,,,1,,,52.0
rotation,0.6499999999999999,0.0,0.63015259115228,,,1,,,59.0
rotation,0.74,0.0,0.7180889761969254,,,1,,,37.0
rotation,0.8300000000000001,0.0,0.8056243704274184,,,1,,,47.0
rotation,0.9199999999999999,0.0,0.8901547998653595,,,1,,,43.0
rotation,1.01,0.0,0.9761321912547519,,,1,,,61.0
rotation,1.0999999999999999,0.0,1.0658730235971083,,,1,,,72.0
rotation,1.19,0.0,1.1438507838247454,,,1,,,57.0
rotation,1.28,0.0,1.2240957099280967,,,1,,,67.0
rotation,1.3699999999999999,0.0,1.3199775051034905,,,1,,,62.0
rotation,1.46,0.0,1.405442034755829,,,1,,,68.0
rotation,1.5499999999999998,0.0,1.4887511797482782,,,1,,,71.0
rotation,1.64,0.0,1.5648043853838915,,,1,,,65.0
rotation,1.73,0.0,1.6418063460272698,,,1,,,61.0
rotation,1.8199999999999998,0.0,1.7287138747834516,,,1,,,57.0
rotation,1.91,0.0,1.8191779139157298,,,1,,,56.0
rotation,2.0,0.0,1.9082276291098248,,,1,,,55.0
rotation,0.2,1.0,0.2100408721893869,,,1,,,27.0
rotation,0.29000000000000004,1.0,0.29582163660363625,,,1,,,39.0
rotation,0.38,1.0,0.37173366945583036,,,1,,,50.0
rotation,0.47000000000000003,1.0,0.47381078337494015,,,1,,,41.0
rotation,0.56,1.0,0.5436800529286206,,,1,,,45.0
rotation,0.6499999999999999,1.0,0.6356512462981944,,,1,,,53.0
rotation,0.74,1.0,0.7160818751714536,,,1,,,50.0
rotation,0.8300000000000001,1.0,0.7974373561527717,,,1,,,37.0
rotation,0.9199999999999999,1.0,0.8796113798777355,,,1,,,48.0
rotation,1.01,1.0,0.9731815644640033,,,1,,,50.0
rotation,1.0999999999999999,1.0,1.048810558987642,,,1,,,49.0
rotation,1.19,1.0,1.1351031686410236,,,1,,,51.0
rotation,1.28,1.0,1.2279806626977303,,,1,,,52.0
rotation,1.3699999999999999,1.0,1.3100585809026806,,,1,,,53.0
rotation,1.46,1.0,1.4021040849164705,,,1,,,55.0
rotation,1.5499999999999998,1.0,1.4875142194627131,,,1,,,56.0
rotation,1.64,1.0,1.5668596157162238,,,1,,,57.0
rotation,1.73,1.0,1.6476203997129806,,,1,,,62.0
rotation,1.8199999999999998,1.0,1.7312031061456363,,,1,,,77.0
rotation,1.91,1.0,1.8137216259726356,,,1,,,80.0
rotation,2.0,1.0,1.9071264979900586,,,1,,,65.0
rotation,0.2,2.0,0.2003031415864859,,,1,,,40.0
rotation,0.29000000000000004,2.0,0.30002696417401137,,,1,,,29.0
rotation,0.38,2.0,0.37471771923127867,,,1,,,39.0
rotation,0.47000000000000003,2.0,0.46281752769920986,,,1,,,53.0
rotation,0.56,2.0,0.5374833785800543,,,1,,,36.0
rotation,0.6499999999999999,2.0,0.631445564480457,,,1,,,52.0
rotation,0.74,2.0,0.7089172762654187,,,1,,,42.0
rotation,0.8300000000000001,2.0,0.7961490337974245,,,1,,,39.0
rotation,0.9199999999999999,2.0,0.8821658915947278,,,1,,,48.0
rotation,1.01,2.0,0.9695055434477373,,,1,,,63.0
rotation,1.0999999999999999,2.0,1.0563717457417392,,,1,,,58.0
rotation,1.19,2.0,1.1446179114127164,,,1,,,55.0
rotation,1.28,2.0,1.2225890538612814,,,1,,,56.0
rotation,1.3699999999999999,2.0,1.3035787382075201,,,1,,,43.0
rotation,1.46,2.0,1.3961206763171645,,,1,,,53.0
rotation,1.5499999999999998,2.0,1.4850727829194597,,,1,,,58.0
rotation,1.64,2.0,1.562217567447,,,1,,,56.0
rotation,1.73,2.0,1.6508100808116588,,,1,,,71.0
rotation,1.8199999999999998,2.0,1.7211877549182384,,,1,,,67.0
rotation,1.91,2.0,1.8142619586399602,,,1,,,56.0
rotation,2.0,2.0,1.9041656200759858,,,1,,,60.0
rotation,0.2,3.0,0.20557710581621655,,,1,,,46.0
rotation,0.29000000000000004,3.0,0.29153552954165857,,,1,,,54.0
rotation,0.38,3.0,0.37699801010388145,,,1,,,55.0
rotation,0.47000000000000003,3.0,0.46693363797986437,,,1,,,42.0
rotation,0.56,3.0,0.5405382107370983,,,1,,,64.0
rotation,0.6499999999999999,3.0,0.6194782524155408,,,1,,,39.0
rotation,0.74,3.0,0.7083670756445478,,,1,,,47.0
rotation,0.8300000000000001,3.0,0.7995367698625825,,,1,,,56.0
rotation,0.9199999999999999,3.0,0.8795062485588879,,,1,,,59.0
rotation,1.01,3.0,0.9694531199869322,,,1,,,44.0
rotation,1.0999999999999999,3.0,1.0553206778950504,,,1,,,53.0
rotation,1.19,3.0,1.1556020940677885,,,1,,,52.0
rotation,1.28,3.0,1.2232222858688544,,,1,,,53.0
rotation,1.3699999999999999,3.0,1.3056899715828227,,,1,,,68.0
rotation,1.46,3.0,1.399100178349509,,,1,,,64.0
rotation,1.5499999999999998,3.0,1.4675727298504972,,,1,,,68.0
rotation,1.64,3.0,1.558072740868929,,,1,,,55.0
rotation,1.73,3.0,1.6349127469858828,,,1,,,54.0
rotation,1.8199999999999998,3.0,1.7272345214662355,,,1,,,61.0
rotation,1.91,3.0,1.8131083187275532,,,1,,,52.0
rotation,2.0,3.0,1.8968760275160907,,,1,,,78.0
rotation,0.2,4.0,0.20610363734779744,,,1,,,33.0
rotation,0.29000000000000004,4.0,0.2880780492547795,,,1,,,44.0
rotation,0.38,4.0,0.3869155858823639,,,1,,,29.0
rotation,0.47000000000000003,4.0,0.4563725867380786,,,1,,,54.0
rotation,0.56,4.0,0.5429051771707778,,,1,,,39.0
rotation,0.6499999999999999,4.0,0.6345677055950928,,,1,,,39.0
rotation,0.74,4.0,0.711609996922281,,,1,,,50.0
rotation,0.8300000000000001,4.0,0.795856851929511,,,1,,,50.0
rotation,0.9199999999999999,4.0,0.8797779302493569,,,1,,,54.0
rotation,1.01,4.0,0.967194696603157,,,1,,,67.0
rotation,1.0999999999999999,4.0,1.0356371675901814,,,1,,,61.0
rotation,1.19,4.0,1.1422844110284114,,,1,,,60.0
rotation,1.28,4.0,1.216185270129149,,,1,,,72.0
rotation,1.3699999999999999,4.0,1.3118623641618854,,,1,,,48.0
rotation,1.46,4.0,1.3963431817579541,,,1,,,66.0
rotation,1.5499999999999998,4.0,1.4702699968949735,,,1,,,62.0
rotation,1.64,4.0,1.5544318304399483,,,1,,,88.0
rotation,1.73,4.0,1.6263545053444923,,,1,,,66.0
rotation,1.8199999999999998,4.0,1.702791048812001,,,1,,,71.0
rotation,1.91,4.0,1.8011122855984436,,,1,,,68.0
rotation,2.0,4.0,1.8820339585298185,,,1,,,73.0
rotation,0.2,5.0,0.20198130621946367,,,1,,,32.0
rotation,0.29000000000000004,5.0,0.2918778825264295,,,1,,,41.0
rotation,0.38,5.0,0.38042760679426113,,,1,,,29.0
rotation,0.47000000000000003,5.0,0.4454160702667376,,,1,,,47.0
rotation,0.56,5.0,0.5504788536754904,,,1,,,54.0
rotation,0.6499999999999999,5.0,0.6242864116543285,,,1,,,45.0
rotation,0.74,5.0,0.717870203307981,,,1,,,54.0
rotation,0.8300000000000001,5.0,0.7882350875417788,,,1,,,58.0
rotation,0.9199999999999999,5.0,0.8805503470592787,,,1,,,44.0
rotation,1.01,5.0,0.9678970141562543,,,1,,,54.0
rotation,1.0999999999999999,5.0,1.0606624485825484,,,1,,,74.0
rotation,1.19,5.0,1.1250810632638182,,,1,,,68.0
rotation,1.28,5.0,1.2157370196279542,,,1,,,59.0
rotation,1.3699999999999999,5.0,1.2881120884085966,,,1,,,59.0
rotation,1.46,5.0,1.3782246564981395,,,1,,,66.0
rotation,1.5499999999999998,5.0,1.477594827359227,,,1,,,62.0
rotation,1.64,5.0,1.5347313178643016,,,1,,,54.0
rotation,1.73,5.0,1.6388228796783133,,,1,,,67.0
rotation,1.8199999999999998,5.0,1.7140284425604964,,,1,,,61.0
rotation,1.91,5.0,1.7937527660613553,,,1,,,70.0
rotation,2.0,5.0,1.864679609890981,,,1,,,70.0
rotation,0.2,6.0,0.20910009155227774,,,1,,,56.0
rotation,0.29000000000000004,6.0,0.29407704533666096,,,1,,,47.0
rotation,0.38,6.0,0.374262495817201,,,1,,,41.0
rotation,0.47000000000000003,6.0,0.46410184112452396,,,1,,,61.0
rotation,0.56,6.0,0.5419027812078362,,,1,,,48.0
rotation,0.6499999999999999,6.0,0.6236164480944075,,,1,,,57.0
rotation,0.74,6.0,0.710345978413367,,,1,,,61.0
rotation,0.8300000000000001,6.0,0.8004793425186958,,,1,,,69.0
rotation,0.9199999999999999,6.0,0.888444000054467,,,1,,,52.0
rotation,1.01,6.0,0.9648425064845733,,,1,,,66.0
rotation,1.0999999999999999,6.0,1.041191857618586,,,1,,,79.0
rotation,1.19,6.0,1.13760563775102,,,1,,,39.0
rotation,1.28,6.0,1.2090615850267636,,,1,,,66.0
rotation,1.3699999999999999,6.0,1.288598743293101,,,1,,,72.0
rotation,1.46,6.0,1.3806075677350356,,,1,,,62.0
rotation,1.5499999999999998,6.0,1.4384837918599012,,,1,,,72.0
rotation,1.64,6.0,1.5325299112739816,,,1,,,73.0
rotation,1.73,6.0,1.619004312940266,,,1,,,68.0
rotation,1.8199999999999998,6.0,1.7135264062790896,,,1,,,70.0
rotation,1.91,6.0,1.7815094187956697,,,1,,,86.0
rotation,2.0,6.0,1.8228725905777727,,,1,,,79.0
rotation,0.2,7.0,0.2080366254125553,,,1,,,44.0
rotation,0.29000000000000004,7.0,0.29290335710753124,,,1,,,44.0
rotation,0.38,7.0,0.386637243906184,,,1,,,53.0
rotation,0.47000000000000003,7.0,0.4630398021744509,,,1,,,55.0
rotation,0.56,7.0,0.5459703639476085,,,1,,,59.0
rotation,0.6499999999999999,7.0,0.6257638001855567,,,1,,,62.0
rotation,0.74,7.0,0.7047103268899422,,,1,,,53.0
rotation,0.8300000000000001,7.0,0.8021480376098306,,,1,,,50.0
rotation,0.9199999999999999,7.0,0.8842247259910075,,,1,,,55.0
rotation,1.01,7.0,0.9550280896234109,,,1,,,68.0
rotation,1.0999999999999999,7.0,1.0355399864297143,,,1,,,73.0
rotation,1.19,7.0,1.132407872384209,,,1,,,74.0
rotation,1.28,7.0,1.2078849557241165,,,1,,,74.0
rotation,1.3699999999999999,7.0,1.2878722753575833,,,1,,,70.0
rotation,1.46,7.0,1.3673441674288866,,,1,,,76.0
rotation,1.5499999999999998,7.0,1.448981494540717,,,1,,,85.0
rotation,1.64,7.0,1.537409915963494,,,1,,,64.0
rotation,1.73,7.0,1.5961365799474567,,,1,,,91.0
rotation,1.8199999999999998,7.0,1.6748491372178467,,,1,,,72.0
rotation,1.91,7.0,1.7637711802090597,,,1,,,96.0
rotation,2.0,7.0,1.8131356244411918,,,1,,,79.0
rotation,0.2,8.0,0.2124697579592615,,,1,,,61.0
rotation,0.29000000000000004,8.0,0.2946100828473259,,,1,,,48.0
rotation,0.38,8.0,0.37729456588514765,,,1,,,45.0
rotation,0.47000000000000003,8.0,0.4691347663293715,,,1,,,47.0
rotation,0.56,8.0,0.5494024378870025,,,1,,,78.0
rotation,0.6499999999999999,8.0,0.6346411995520379,,,1,,,49.0
rotation,0.74,8.0,0.7138235522849229,,,1,,,68.0
rotation,0.8300000000000001,8.0,0.7939863482028922,,,1,,,76.0
rotation,0.9199999999999999,8.0,0.8817674525798815,,,1,,,66.0
rotation,1.01,8.0,0.9518869414694412,,,1,,,54.0
rotation,1.0999999999999999,8.0,1.0594125566403327,,,1,,,68.0
rotation,1.19,8.0,1.1206398317105233,,,1,,,83.0
rotation,1.28,8.0,1.1924752065249147,,,1,,,73.0
rotation,1.3699999999999999,8.0,1.2864335488561534,,,1,,,72.0
rotation,1.46,8.0,1.3619819918206562,,,1,,,58.0
rotation,1.5499999999999998,8.0,1.4392443464395537,,,1,,,75.0
rotation,1.64,8.0,1.530344911406129,,,1,,,91.0
rotation,1.73,8.0,1.5912900097810816,,,1,,,83.0
rotation,1.8199999999999998,8.0,1.6623268857220828,,,1,,,65.0
rotation,1.91,8.0,1.74858852247831,,,1,,,85.0
rotation,2.0,8.0,1.8531861866312525,,,1,,,78.0
rotation,0.2,9.0,0.22008214441967874,,,1,,,35.0
rotation,0.29000000000000004,9.0,0.2967809718137607,,,1,,,65.0
rotation,0.38,9.0,0.37667374259051783,,,1,,,69.0
rotation,0.47000000000000003,9.0,0.4570601199787922,,,1,,,53.0
rotation,0.56,9.0,0.5430496066389937,,,1,,,64.0
rotation,0.6499999999999999,9.0,0.6216372206451579,,,1,,,47.0
rotation,0.74,9.0,0.7020273889211891,,,1,,,55.0
rotation,0.8300000000000001,9.0,0.7933964307944056,,,1,,,67.0
rotation,0.9199999999999999,9.0,0.8708141251310292,,,1,,,85.0
rotation,1.01,9.0,0.9559282958284139,,,1,,,70.0
rotation,1.0999999999999999,9.0,1.0356398052430171,,,1,,,67.0
rotation,1.19,9.0,1.1044024198880569,,,1,,,80.0
rotation,1.28,9.0,1.1916425992006838,,,1,,,73.0
rotation,1.3699999999999999,9.0,1.2599201480545439,,,1,,,84.0
rotation,1.46,9.0,1.3365049663116633,,,1,,,82.0
rotation,1.5499999999999998,9.0,1.413084230407893,,,1,,,87.0
rotation,1.64,9.0,1.5204828657319804,,,1,,,70.0
rotation,1.73,9.0,1.5954291306406496,,,1,,,76.0
rotation,1.8199999999999998,9.0,1.6661965129984357,,,1,,,85.0
rotation,1.91,9.0,1.7460989164609775,,,1,,,94.0
rotation,2.0,9.0,1.776312620216814,,,1,,,75.0
rotation,0.2,10.0,0.2198375996688129,,,1,,,52.0
rotation,0.29000000000000004,10.0,0.2978593478856961,,,1,,,56.0
rotation,0.38,10.0,0.391113676700836,,,1,,,49.0
rotation,0.47000000000000003,10.0,0.47820990665090574,,,1,,,50.0
rotation,0.56,10.0,0.5379489715280806,,,1,,,54.0
rotation,0.6499999999999999,10.0,0.6272932566108248,,,1,,,70.0
rotation,0.74,10.0,0.6979557497765603,,,1,,,86.0
rotation,0.8300000000000001,10.0,0.7768770036049725,,,1,,,75.0
rotation,0.9199999999999999,10.0,0.8628530300623511,,,1,,,74.0
rotation,1.01,10.0,0.9330488815811598,,,1,,,81.0
rotation,1.0999999999999999,10.0,1.0275990822248215,,,1,,,70.0
rotation,1.19,10.0,1.1041941949434684,,,1,,,87.0
rotation,1.28,10.0,1.1700550899344375,,,1,,,86.0
rotation,1.3699999999999999,10.0,1.2568080727218585,,,1,,,83.0
rotation,1.46,10.0,1.3365683200623186,,,1,,,77.0
rotation,1.5499999999999998,10.0,1.432725784568224,,,1,,,67.0
rotation,1.64,10.0,1.508711557299125,,,1,,,80.0
rotation,1.73,10.0,1.5889535581245031,,,1,,,115.0
rotation,1.8199999999999998,10.0,1.609628035168897,,,1,,,82.0
rotation,1.91,10.0,1.7238015667584987,,,1,,,82.0
rotation,2.0,10.0,1.7809425600174524,,,1,,,91.0
rotation,0.2,11.0,0.21655798372696577,,,1,,,57.0
rotation,0.29000000000000004,11.0,0.2950728750903485,,,1,,,54.0
rotation,0.38,11.0,0.3947941601052574,,,1,,,66.0
rotation,0.47000000000000003,11.0,0.462993953076108,,,1,,,81.0
rotation,0.56,11.0,0.5475337465291269,,,1,,,61.0
rotation,0.6499999999999999,11.0,0.6175823737231189,,,1,,,66.0
rotation,0.74,11.0,0.6989116741290474,,,1,,,68.0
rotation,0.8300000000000001,11.0,0.7818256379913788,,,1,,,64.0
rotation,0.9199999999999999,11.0,0.8619367696538203,,,1,,,78.0
rotation,1.01,11.0,0.9366889532772694,,,1,,,83.0
rotation,1.0999999999999999,11.0,1.0088168340510422,,,1,,,70.0
rotation,1.19,11.0,1.0852443367319973,,,1,,,70.0
rotation,1.28,11.0,1.1657222395504492,,,1,,,90.0
rotation,1.3699999999999999,11.0,1.2561653105356225,,,1,,,102.0
rotation,1.46,11.0,1.3191060746810044,,,1,,,88.0
rotation,1.5499999999999998,11.0,1.4166005704843456,,,1,,,93.0
rotation,1.64,11.0,1.4558226415075586,,,1,,,22.0
rotation,1.73,11.0,1.5729997801853495,,,1,,,65.0
rotation,1.8199999999999998,11.0,1.6467258853161029,,,1,,,79.0
rotation,1.91,11.0,1.7205922813644816,,,1,,,78.0
rotation,2.0,11.0,1.7786166116453408,,,1,,,83.0
rotation,0.2,12.0,0.22007206366211093,,,1,,,56.0
rotation,0.29000000000000004,12.0,0.3022484141773563,,,1,,,60.0
rotation,0.38,12.0,0.3952334078241729,,,1,,,76.0
rotation,0.47000000000000003,12.0,0.475240578189223,,,1,,,81.0
rotation,0.56,12.0,0.5410748740496003,,,1,,,89.0
rotation,0.6499999999999999,12.0,0.6264943427407746,,,1,,,71.0
rotation,0.74,12.0,0.7020940440887813,,,1,,,64.0
rotation,0.8300000000000001,12.0,0.7773952343498097,,,1,,,73.0
rotation,0.9199999999999999,12.0,0.8634008192014085,,,1,,,81.0
rotation,1.01,12.0,0.934789177566192,,,1,,,77.0
rotation,1.0999999999999999,12.0,1.012928880594582,,,1,,,94.0
rotation,1.19,12.0,1.073647151273151,,,1,,,97.0
rotation,1.28,12.0,1.1668609776429864,,,1,,,94.0
rotation,1.3699999999999999,12.0,1.2268366655103324,,,1,,,66.0
rotation,1.46,12.0,1.3154063886872398,,,1,,,74.0
rotation,1.5499999999999998,12.0,1.400491421125212,,,1,,,70.0
rotation,1.64,12.0,1.472066502835388,,,1,,,89.0
rotation,1.73,12.0,1.5415290494843115,,,1,,,96.0
rotation,1.8199999999999998,12.0,1.6023737715906883,,,1,,,78.0
rotation,1.91,12.0,1.7173393927460494,,,1,,,11.0
rotation,2.0,12.0,1.7258386336209872,,,1,,,17.0
rotation,0.2,13.0,0.21956168760874492,,,1,,,59.0
rotation,0.29000000000000004,13.0,0.3018595825096902,,,1,,,55.0
rotation,0.38,13.0,0.3892977332895784,,,1,,,62.0
rotation,0.47000000000000003,13.0,0.47488078744383055,,,1,,,83.0
rotation,0.56,13.0,0.5526406052224262,,,1,,,90.0
rotation,0.6499999999999999,13.0,0.6282495993470744,,,1,,,73.0
rotation,0.74,13.0,0.6827921103795647,,,1,,,95.0
rotation,0.8300000000000001,13.0,0.7770280681687916,,,1,,,96.0
rotation,0.9199999999999999,13.0,0.844568346932311,,,1,,,89.0
rotation,1.01,13.0,0.9335783689313436,,,1,,,92.0
rotation,1.0999999999999999,13.0,1.0123144502163273,,,1,,,77.0
rotation,1.19,13.0,1.0828510798545736,,,1,,,79.0
rotation,1.28,13.0,1.1429504421189784,,,1,,,80.0
rotation,1.3699999999999999,13.0,1.2242919576447042,,,1,,,81.0
rotation,1.46,13.0,1.321901797790386,,,1,,,93.0
rotation,1.5499999999999998,13.0,1.3955697732139996,,,1,,,84.0
rotation,1.64,13.0,1.4714437142945433,,,1,,,89.0
rotation,1.73,13.0,1.5192105848538013,,,1,,,91.0
rotation,1.8199999999999998,13.0,1.6235935349587536,,,1,,,11.0
rotation,1.91,13.0,0.0,,,0,,,16.0
rotation,2.0,13.0,1.775633227334664,,,1,,,92.0
rotation,0.2,14.0,0.22385696003937028,,,1,,,59.0
rotation,0.29000000000000004,14.0,0.2961364186954593,,,1,,,79.0
rotation,0.38,14.0,0.3903043616087882,,,1,,,95.0
rotation,0.47000000000000003,14.0,0.4664821241859623,,,1,,,98.0
rotation,0.56,14.0,0.5500858555855124,,,1,,,98.0
rotation,0.6499999999999999,14.0,0.6089032480585098,,,1,,,86.0
rotation,0.74,14.0,0.6912257930828685,,,1,,,82.0
rotation,0.8300000000000001,14.0,0.7695973425368877,,,1,,,78.0
rotation,0.9199999999999999,14.0,0.8428490231489062,,,1,,,88.0
rotation,1.01,14.0,0.9311790858672598,,,1,,,68.0
rotation,1.0999999999999999,14.0,0.9881715267601026,,,1,,,95.0
rotation,1.19,14.0,1.0825301541762131,,,1,,,75.0
rotation,1.28,14.0,1.1378328342898167,,,1,,,78.0
rotation,1.3699999999999999,14.0,1.2194443374448243,,,1,,,78.0
rotation,1.46,14.0,1.3245222969887942,,,1,,,72.0
rotation,1.5499999999999998,14.0,1.373023436560646,,,1,,,85.0
rotation,1.64,14.0,1.465364434546747,,,1,,,82.0
rotation,1.73,14.0,1.5108750855181996,,,1,,,86.0
rotation,1.8199999999999998,14.0,1.6066360216964057,,,1,,,93.0
rotation,1.91,14.0,0.0,,,0,,,24.0
rotation,2.0,14.0,1.7798867159849472,,,1,,,35.0
rotation,0.2,15.0,0.22367564540544324,,,1,,,69.0
rotation,0.29000000000000004,15.0,0.30738068827221715,,,1,,,78.0
rotation,0.38,15.0,0.39880026783596884,,,1,,,72.0
rotation,0.47000000000000003,15.0,0.4542922685653871,,,1,,,97.0
rotation,0.56,15.0,0.5249431783688604,,,1,,,90.0
rotation,0.6499999999999999,15.0,0.6014288510436653,,,1,,,88.0
rotation,0.74,15.0,0.6812501580170022,,,1,,,79.0
rotation,0.8300000000000001,15.0,0.7685102258267954,,,1,,,95.0
rotation,0.9199999999999999,15.0,0.8559549541895324,,,1,,,85.0
rotation,1.01,15.0,0.9032913249713634,,,1,,,79.0
rotation,1.0999999999999999,15.0,0.9999915814694805,,,1,,,88.0
rotation,1.19,15.0,1.0739264472118542,,,1,,,100.0
rotation,1.28,15.0,1.1520148287752556,,,1,,,80.0
rotation,1.3699999999999999,15.0,1.2226684568306707,,,1,,,78.0
rotation,1.46,15.0,1.3244607761945157,,,1,,,89.0
rotation,1.5499999999999998,15.0,1.3944193927004953,,,1,,,103.0
rotation,1.64,15.0,1.4655972119660703,,,1,,,77.0
rotation,1.73,15.0,1.4964436424486642,,,1,,,89.0
rotation,1.8199999999999998,15.0,1.585323844414092,,,1,,,18.0
rotation,1.91,15.0,1.6716823023774738,,,1,,,76.0
rotation,2.0,15.0,0.0,,,0,,,11.0
