Episode,Total Reward,Termination Step
1,2.9563546180725098,46
2,-5.750563621520996,35
3,-5.571802139282227,10
4,-4.875532150268555,23
5,-5.361263751983643,28
6,-5.06376838684082,44
7,-5.8571929931640625,45
8,-5.125083923339844,10
9,-4.292635917663574,58
10,-4.550595283508301,19
11,-3.9942092895507812,33
12,-5.230717182159424,28
13,-5.004802703857422,22
14,-5.391263961791992,36
15,-4.50280237197876,39
16,-4.932887554168701,32
17,-5.024486064910889,9
18,-5.3221235275268555,45
19,-4.789498329162598,52
20,-5.136798858642578,31
21,-5.055732727050781,12
22,-5.102156639099121,24
23,-4.73467493057251,21
24,-4.906887054443359,11
25,-4.568395614624023,14
26,-4.987198829650879,31
27,-4.689853191375732,58
28,-4.3799519538879395,36
29,-4.325384616851807,34
30,-4.689657688140869,26
31,-4.23543643951416,36
32,-5.049834251403809,26
33,-3.9012951850891113,43
34,-4.91184139251709,25
35,-4.439271926879883,41
36,-4.428770065307617,31
37,-4.948765277862549,10
38,-4.43212366104126,28
39,-4.685466766357422,26
40,-4.884866714477539,27
41,-4.841383457183838,34
42,-4.937037944793701,11
43,-4.862688064575195,9
44,-4.694884777069092,27
45,-4.74021577835083,18
46,-4.6597700119018555,28
47,-4.917932033538818,29
48,-4.274610996246338,67
49,-5.058012008666992,39
50,-4.749682426452637,17
51,-5.085193634033203,35
52,-4.5953755378723145,23
53,-2.7657341957092285,86
54,-4.820298671722412,14
55,-4.322528839111328,38
56,-4.777499198913574,24
57,-4.98968505859375,22
58,-5.183791637420654,27
59,-4.741501808166504,57
60,-4.721409320831299,33
61,-4.820682048797607,29
62,-4.96437406539917,12
63,-5.003118515014648,26
64,-3.976909637451172,30
65,-4.662117958068848,34
66,-4.858283996582031,9
67,-3.745453357696533,41
68,-4.38258171081543,56
69,-4.48946475982666,22
70,-4.874311923980713,15
71,-4.811093807220459,24
72,-4.9461140632629395,26
73,-4.9715895652771,12
74,-4.46759033203125,25
75,-4.6139068603515625,43
76,-4.882488250732422,12
77,-4.688141345977783,17
78,-4.711380958557129,13
79,-4.541300296783447,47
80,-4.888059139251709,45
81,-4.941298007965088,38
82,-4.935884952545166,14
83,-4.977627277374268,32
84,-5.041703224182129,11
85,-4.569621562957764,30
86,-4.892063140869141,17
87,-4.496490955352783,32
88,-4.969668388366699,13
89,-4.879938125610352,29
90,-4.924605369567871,18
91,-5.0617289543151855,44
92,-4.881345748901367,32
93,-4.102762222290039,41
94,-4.372280120849609,39
95,-3.8950400352478027,53
96,-4.448575496673584,36
97,-4.85387659072876,31
98,-4.090677261352539,34
99,-4.349804401397705,42
100,-3.9993932247161865,72
101,-5.020533084869385,8
102,-4.957508563995361,12
103,-4.975350856781006,8
104,-4.676926136016846,47
105,-4.275481224060059,36
106,-4.836492538452148,15
107,-5.032681941986084,30
108,-4.976601600646973,30
109,-4.896730422973633,15
110,-4.866823196411133,10
111,-3.7486038208007812,53
112,-4.780640125274658,17
113,-4.473852157592773,23
114,-4.897421836853027,15
115,-4.717069149017334,24
116,-4.938059329986572,10
117,-4.484817981719971,40
118,-4.518534183502197,29
119,-4.982509613037109,11
120,-4.373392105102539,28
121,-4.8593902587890625,26
122,-5.317975997924805,23
123,-4.844933032989502,16
124,-4.56723690032959,38
125,-4.797890663146973,31
126,-4.868571758270264,16
127,-5.057530879974365,29
128,-4.7200398445129395,27
129,-4.0127339363098145,57
130,-4.672059535980225,19
131,-4.716704845428467,28
132,-4.953495979309082,33
133,-4.769218921661377,30
134,-1.8186204433441162,133
135,-4.723938941955566,41
136,-4.572333812713623,53
137,-4.751174449920654,13
138,-4.904932022094727,42
139,-4.665327548980713,26
140,-4.530970096588135,21
141,-4.258147239685059,30
142,-4.453132152557373,42
143,-4.236814498901367,93
144,-5.021740913391113,9
145,-4.598872661590576,24
146,-3.738356828689575,59
147,-4.605641841888428,31
148,-4.5121612548828125,14
149,-5.244512557983398,25
150,-4.830204486846924,12
151,-4.679090976715088,18
152,-4.618979454040527,17
153,-5.006651401519775,27
154,-4.751601219177246,34
155,-4.170936107635498,33
156,-3.8990206718444824,38
157,-5.021407604217529,9
158,-4.673462867736816,30
159,-4.9423723220825195,16
160,-4.645676136016846,31
161,-4.86647891998291,20
162,-5.2780442237854,88
163,-5.368320465087891,52
164,-5.082024097442627,39
165,-4.8050336837768555,34
166,-4.954995632171631,65
167,-5.187427520751953,27
168,-4.638861656188965,22
169,-5.124444961547852,25
170,-4.953396797180176,26
171,-4.9118852615356445,13
172,-5.163783550262451,65
173,-5.056020259857178,25
174,-4.956164836883545,39
175,-4.394431114196777,37
176,-5.018939971923828,32
177,-4.914494037628174,12
178,-4.547940254211426,23
179,-4.192885398864746,36
180,-4.779987812042236,10
181,-4.664682865142822,22
182,-4.73170804977417,17
183,-4.464701175689697,32
184,-4.987517356872559,11
185,-4.435464382171631,17
186,-4.919053077697754,25
187,-4.205097198486328,38
188,-4.336512565612793,33
189,-4.539068222045898,42
190,-4.289102554321289,36
191,-5.029078006744385,9
192,-4.973520755767822,9
193,-4.986577033996582,10
194,-5.043490409851074,9
195,-6.103705406188965,88
196,-4.942153453826904,33
197,-5.020918846130371,7
198,-4.030334949493408,34
199,-4.715224266052246,40
200,-4.453315258026123,32
201,-4.470437526702881,40
202,-4.949798583984375,27
203,-4.985827445983887,30
204,-4.463017463684082,31
205,-4.163495063781738,39
206,-4.86366605758667,38
207,-4.717163562774658,21
208,-5.094467639923096,54
209,-4.536978721618652,19
210,-4.985320091247559,9
211,-4.683550834655762,30
212,-4.7196760177612305,21
213,-4.435622692108154,18
214,-4.134324073791504,37
215,-4.605957508087158,14
216,-5.147702693939209,27
217,-4.786476135253906,21
218,-4.856984615325928,24
219,-4.971611022949219,34
220,-4.7435736656188965,23
221,-5.0695672035217285,11
222,-4.777408599853516,63
223,-4.780210494995117,17
224,-4.804977893829346,33
225,-5.114383220672607,30
226,-5.0249810218811035,9
227,-4.433825492858887,34
228,-4.686518669128418,33
229,-4.91685152053833,8
230,-5.057404518127441,9
231,-4.970465183258057,11
232,-3.8503000736236572,36
233,-4.6222357749938965,39
234,-4.098219871520996,56
235,-4.292913913726807,30
236,-4.1163787841796875,33
237,-5.067770481109619,33
238,-4.1245245933532715,71
239,-4.9609904289245605,15
240,-4.938613414764404,13
241,-3.9919848442077637,45
242,-4.75226354598999,17
243,-4.827043533325195,11
244,-5.274871349334717,41
245,-5.299694061279297,46
246,-4.4011335372924805,50
247,-4.821334362030029,13
248,-4.1412811279296875,30
249,-4.66685152053833,28
250,-4.994977951049805,10
251,-5.110877513885498,33
252,-4.665411472320557,20
253,-4.776486873626709,14
254,-3.8813838958740234,67
255,-5.472267150878906,52
256,-4.796813488006592,24
257,-4.621339797973633,19
258,-4.456112384796143,33
259,-4.590048313140869,47
260,-5.466701030731201,48
261,-4.301170825958252,42
262,-5.0251665115356445,10
263,-3.4780335426330566,45
264,-4.965399742126465,19
265,-4.399550914764404,48
266,-4.505639553070068,33
267,-4.769324779510498,17
268,-4.848289489746094,19
269,-4.752559661865234,17
270,-4.939993381500244,10
271,-4.098988056182861,36
272,-4.907596588134766,12
273,-3.9239983558654785,49
274,-5.736765384674072,98
275,-4.510062217712402,22
276,-4.5368123054504395,20
277,-4.516228199005127,29
278,-4.509393692016602,42
279,-4.935744285583496,28
280,-4.831709861755371,33
281,-4.272677421569824,33
282,-4.994125843048096,29
283,-4.557106971740723,22
284,-5.015529632568359,12
285,-4.047621726989746,60
286,-3.0185492038726807,54
287,-4.541606426239014,47
288,-4.762279510498047,28
289,-4.0215864181518555,35
290,-4.643470764160156,27
291,-5.029574394226074,12
292,-4.936916351318359,36
293,-4.843493938446045,17
294,-4.71319580078125,22
295,-4.863311767578125,44
296,-3.9511818885803223,42
297,-4.748500347137451,49
298,-4.947500228881836,19
299,-4.966914176940918,10
300,-5.110159873962402,12
301,-4.224839210510254,30
302,-4.9114155769348145,31
303,-4.669628143310547,32
304,-4.852664947509766,13
305,-4.617400646209717,22
306,-5.058020114898682,27
307,-4.545624732971191,30
308,-4.795893669128418,20
309,-4.780333995819092,22
310,-4.4950714111328125,32
311,-4.708546161651611,30
312,-5.126012802124023,43
313,-4.615336894989014,25
314,-5.086157321929932,9
315,-4.95733118057251,12
316,-5.204616069793701,38
317,-3.8145790100097656,53
318,-4.839312553405762,21
319,-4.974909782409668,34
320,-4.96359395980835,35
321,-3.978464126586914,33
322,-5.131130695343018,8
323,-4.760848522186279,49
324,-4.158636569976807,40
325,-5.0146164894104,32
326,-2.6885476112365723,69
327,-4.561251163482666,22
328,-4.85767126083374,41
329,-5.331106662750244,55
330,-4.979620456695557,41
331,-5.089400291442871,35
332,-4.648018836975098,25
333,-5.18511962890625,36
334,-4.640859603881836,53
335,-6.027459621429443,82
336,-4.352033615112305,48
337,-4.9144158363342285,16
338,-3.833561420440674,52
339,-5.017220497131348,24
340,-5.1280837059021,31
341,-4.706874370574951,15
342,-4.996938705444336,29
343,-4.611688613891602,41
344,-3.9001169204711914,76
345,-4.5329670906066895,36
346,-4.313063144683838,39
347,-4.807216644287109,28
348,-4.594179153442383,22
349,-4.505514621734619,31
350,-4.338010787963867,41
351,-4.50998067855835,28
352,-5.418962001800537,29
353,-3.512678623199463,44
354,-5.023337364196777,33
355,-4.557267665863037,18
356,-5.021831512451172,14
357,-5.022425651550293,46
358,-4.962500095367432,16
359,-4.814357757568359,20
360,-4.530490875244141,31
361,-4.599698066711426,31
362,-4.384607315063477,40
363,-4.626044273376465,16
364,-4.938198566436768,50
365,-5.077686309814453,9
366,-4.804070472717285,20
367,-4.893212795257568,17
368,-4.754117488861084,21
369,-4.427570343017578,24
370,-4.539474964141846,40
371,-4.876701354980469,17
372,-4.7179131507873535,41
373,-5.051430702209473,26
374,-3.988398551940918,86
375,-4.387740612030029,38
376,-5.168006896972656,35
377,-5.624022483825684,133
378,-5.408333778381348,54
379,-4.369106292724609,41
380,-5.135405540466309,32
381,-4.287777900695801,29
382,-4.89591121673584,28
383,-4.665154933929443,31
384,-4.7363691329956055,22
385,-5.464163780212402,58
386,-4.549568176269531,17
387,-4.935689449310303,38
388,-2.838641405105591,97
389,-4.54048490524292,20
390,-4.828593730926514,18
391,-5.351584434509277,32
392,-5.151785373687744,36
393,-4.733088970184326,28
394,-5.3052496910095215,32
395,-5.000342845916748,36
396,-4.7775983810424805,21
397,-4.694786548614502,19
398,-4.973593711853027,47
399,-4.87929105758667,47
400,-4.525552749633789,20
401,-3.679777145385742,66
402,-4.9155707359313965,22
403,-4.5641374588012695,35
404,-5.601881504058838,61
405,-4.0894575119018555,34
406,-5.111942768096924,31
407,-4.467432975769043,85
408,-4.090737819671631,77
409,-5.1048455238342285,31
410,-4.957215785980225,12
411,-2.5322399139404297,64
412,-5.271854877471924,27
413,-4.523723602294922,23
414,-4.841806888580322,20
415,-4.5772294998168945,21
416,-4.080832481384277,42
417,-4.773130893707275,42
418,-5.135692119598389,29
419,-4.725581169128418,15
420,-4.815090656280518,51
421,-5.105840682983398,11
422,-4.762950420379639,76
423,-4.682894706726074,27
424,-3.375612258911133,56
425,-4.767752647399902,17
426,-5.066871643066406,11
427,-4.967469215393066,19
428,-5.412145137786865,38
429,-4.439852714538574,30
430,-4.7150373458862305,25
431,-4.63088321685791,29
432,-4.4006476402282715,36
433,-5.1779890060424805,30
434,-5.13034725189209,10
435,-4.887810707092285,28
436,-4.287968158721924,39
437,-5.306789398193359,36
438,-4.918674468994141,16
439,-4.610992431640625,27
440,-5.945479869842529,92
441,-4.7795891761779785,21
442,-4.58584451675415,58
443,-5.107762813568115,45
444,-4.630324840545654,66
445,-5.44775390625,76
446,-4.859565258026123,23
447,-4.631680488586426,61
448,-4.990061283111572,13
449,-4.603631019592285,29
450,-5.0833420753479,39
451,-5.1411919593811035,28
452,-4.4070587158203125,38
453,-4.492250442504883,53
454,-4.993830680847168,59
455,-6.1139631271362305,102
456,-5.114999294281006,38
457,-4.66801118850708,24
458,-4.619904518127441,62
459,-4.579902172088623,23
460,-4.8477888107299805,18
461,-6.15020751953125,56
462,-5.346777439117432,33
463,-4.9219770431518555,37
464,-5.184515953063965,9
465,-4.82606840133667,21
466,-4.892365455627441,20
467,-4.20626163482666,54
468,-3.830425500869751,59
469,-5.0519490242004395,30
470,-5.14884614944458,33
471,-4.371436595916748,24
472,-4.793909072875977,31
473,-4.985179424285889,12
474,-5.24766731262207,30
475,-5.163326740264893,29
476,-4.8586201667785645,33
477,-4.973189830780029,12
478,-4.852534770965576,22
479,-4.689697742462158,42
480,-4.723301887512207,13
481,-5.076880931854248,34
482,-4.592000961303711,18
483,-4.871495723724365,16
484,-4.93956995010376,20
485,-3.783156394958496,60
486,-5.400566101074219,25
487,-5.1285271644592285,9
488,-5.300622463226318,46
489,-4.585582733154297,32
490,-4.723517417907715,38
491,-4.562339782714844,35
492,-5.242101669311523,29
493,-4.0645246505737305,51
494,-4.757674694061279,21
495,-5.189957618713379,28
496,-4.7200422286987305,28
497,-4.538207054138184,64
498,-4.347930908203125,34
499,-4.775026321411133,19
500,-4.9492106437683105,15
501,-5.0237884521484375,32
502,-4.942433834075928,36
503,-4.635800361633301,19
504,-4.697396278381348,28
505,-5.182581901550293,10
506,-4.3801164627075195,44
507,-5.190502166748047,48
508,-4.610670566558838,18
509,-4.567174434661865,24
510,-4.833530426025391,32
511,-5.284156322479248,46
512,-4.759976387023926,17
513,-3.7544233798980713,68
514,-5.139269828796387,28
515,-6.097139358520508,80
516,-4.911479949951172,16
517,-5.305270195007324,42
518,-3.1498992443084717,60
519,-4.924968242645264,21
520,-5.49857759475708,53
521,-4.983335018157959,49
522,-3.907205581665039,93
523,-4.084889888763428,81
524,-5.2227091789245605,35
525,-5.261640548706055,44
526,-5.845317840576172,52
527,-5.0402302742004395,15
528,-4.843483924865723,53
529,-4.530828952789307,36
530,-4.992572784423828,18
531,-4.037474632263184,55
532,-4.356925964355469,36
533,-5.459599018096924,39
534,-4.679790019989014,45
535,-4.876798629760742,17
536,-5.177950859069824,29
537,-4.572000026702881,40
538,-4.775257110595703,30
539,-4.619966506958008,63
540,-5.36386775970459,28
541,-4.9174604415893555,14
542,-4.9400811195373535,15
543,-6.446325302124023,72
544,-3.1246089935302734,58
545,-4.691006660461426,23
546,-5.006221294403076,11
547,-4.708917140960693,43
548,-4.627885341644287,22
549,-4.994987487792969,39
550,-5.137591361999512,12
551,-4.673727035522461,41
552,-5.186797142028809,9
553,-5.195521354675293,30
554,-5.227704048156738,31
555,-5.309516429901123,7
556,-4.582286357879639,64
557,-4.699178218841553,32
558,-4.943097114562988,32
559,-4.442366600036621,44
560,-4.6491241455078125,28
561,-6.042663097381592,60
562,-4.727995872497559,33
563,-5.128688812255859,37
564,-4.747625827789307,36
565,-5.17995548248291,10
566,-3.4631476402282715,73
567,-4.596120357513428,27
568,-4.713423728942871,82
569,-5.521293640136719,38
570,-4.805468559265137,30
571,-4.627167224884033,29
572,-5.234245777130127,33
573,-5.002799987792969,26
574,-5.343395233154297,29
575,-5.118561267852783,9
576,-4.507338523864746,94
577,-5.578281402587891,53
578,-4.608985424041748,42
579,-4.855612277984619,28
580,-5.664416790008545,67
581,-6.657437324523926,108
582,-4.448570251464844,97
583,-5.059717178344727,17
584,-4.085414886474609,106
585,-5.029173851013184,17
586,-5.014852046966553,16
587,-4.5338544845581055,50
588,-5.356327533721924,32
589,-5.163184642791748,43
590,-5.156045913696289,29
591,-4.7006964683532715,29
592,-5.335256576538086,31
593,-5.2247796058654785,9
594,-5.263944625854492,32
595,-5.213041305541992,38
596,-4.594546794891357,97
597,-4.81241512298584,45
598,-5.302824974060059,37
599,-4.472774982452393,64
600,-4.8194098472595215,14
601,-3.874767780303955,40
602,-4.035055637359619,47
603,-5.066495418548584,17
604,-4.971747398376465,17
605,-6.398069858551025,89
606,-4.926797389984131,66
607,-4.9477858543396,29
608,-4.123433589935303,55
609,-4.525213241577148,50
610,-3.9327526092529297,45
611,-5.13338565826416,35
612,-4.66516637802124,38
613,-4.761104106903076,33
614,-4.438119888305664,42
615,-3.654127836227417,71
616,-5.077693462371826,69
617,-4.139287948608398,63
618,-4.683844089508057,32
619,-4.156362533569336,29
620,-5.444665431976318,50
621,-1.0441431999206543,175
622,-4.459962368011475,37
623,-5.219300270080566,35
624,-4.979953765869141,57
625,-4.258640766143799,55
626,-4.320003509521484,51
627,-3.954789400100708,39
628,-4.83859920501709,47
629,-4.634359836578369,25
630,-4.378900527954102,41
631,-5.773810863494873,50
632,-4.948592185974121,33
633,-4.496464252471924,32
634,-5.113710880279541,39
635,-4.902764797210693,26
636,-4.5811004638671875,48
637,-5.121819019317627,33
638,-5.305869102478027,27
639,-5.021059036254883,14
640,-3.0179636478424072,96
641,-4.305710792541504,39
642,-4.203577041625977,44
643,-4.6266937255859375,42
644,-5.160337924957275,24
645,-4.375651836395264,40
646,-4.2954888343811035,62
647,-4.437742233276367,66
648,-4.660211086273193,30
649,-4.895931243896484,47
650,-3.282392740249634,102
651,-4.897861003875732,36
652,-5.37985897064209,26
653,-4.721636772155762,49
654,-4.593419075012207,40
655,-4.954712867736816,38
656,-4.105323314666748,68
657,-6.680408477783203,74
658,-5.170957088470459,29
659,-4.917913913726807,25
660,-3.9049806594848633,93
661,-4.789689064025879,38
662,-5.394927024841309,27
663,-5.7602739334106445,78
664,-4.942737579345703,21
665,-5.748449802398682,56
666,-5.237595558166504,11
667,-5.041183948516846,15
668,-4.443737983703613,64
669,-5.003862380981445,16
670,-4.926762580871582,20
671,-6.04521369934082,67
672,-4.272162914276123,69
673,-1.7614421844482422,134
674,-4.877546310424805,21
675,-5.204798698425293,10
676,-4.148017406463623,79
677,-4.571189880371094,63
678,-5.243912696838379,28
679,-5.374282360076904,28
680,-4.8320207595825195,94
681,-4.130896091461182,45
682,-5.009361743927002,28
683,-5.1129584312438965,12
684,-5.049389362335205,14
685,-5.280750274658203,10
686,-5.194849014282227,51
687,-5.046403884887695,31
688,-5.321176052093506,32
689,-4.645393371582031,35
690,-5.875513076782227,66
691,-4.763890743255615,26
692,-5.3990397453308105,31
693,-4.894286632537842,43
694,-4.655949592590332,59
695,-5.190450668334961,16
696,-5.639993667602539,79
697,-5.261826038360596,39
698,-4.884054660797119,39
699,-3.7060935497283936,78
700,-2.6837716102600098,84
701,-5.086799621582031,47
702,-4.502067565917969,56
703,-4.402562141418457,31
704,-3.8666603565216064,80
705,-6.457160472869873,87
706,-1.5237841606140137,142
707,-4.8332839012146,51
708,-5.184844017028809,59
709,-5.752101421356201,70
710,-2.1859068870544434,99
711,-5.248870849609375,33
712,-4.295158386230469,52
713,-4.553140640258789,85
714,-5.215155601501465,47
715,-3.10532283782959,132
716,-5.229712963104248,26
717,-4.633467674255371,22
718,-5.558290958404541,54
719,-5.1740031242370605,34
720,-5.072392463684082,15
721,-4.655399799346924,27
722,-5.056361198425293,52
723,-4.370590686798096,57
724,-5.28757905960083,27
725,-4.648712158203125,24
726,-4.880305290222168,26
727,-5.128815174102783,11
728,-4.6264872550964355,34
729,-4.766296863555908,35
730,-5.435017108917236,32
731,-4.3741326332092285,45
732,-5.090725421905518,87
733,-4.928115367889404,33
734,-5.239081382751465,62
735,-4.85706901550293,36
736,-3.33518385887146,137
737,-4.9514923095703125,45
738,-5.126883029937744,12
739,-5.012411594390869,28
740,-3.146773099899292,69
741,-5.258528232574463,11
742,-5.109945774078369,64
743,-5.100584030151367,43
744,-5.116750717163086,12
745,-5.11351203918457,48
746,-3.3436086177825928,63
747,-4.970309734344482,34
748,-4.563989162445068,37
749,-5.200094699859619,11
750,-5.3515448570251465,37
751,-5.014369010925293,12
752,-3.3750016689300537,82
753,-5.894824028015137,62
754,-4.929370403289795,99
755,-5.289838790893555,9
756,-4.144086837768555,82
757,-3.90980863571167,57
758,-4.5197858810424805,53
759,-5.506262302398682,44
760,-4.874488830566406,32
761,-5.627073764801025,46
762,-5.380446910858154,49
763,-2.7182610034942627,82
764,-4.638498783111572,20
765,-5.230935096740723,11
766,-5.356601238250732,35
767,-4.815223217010498,20
768,-5.152717590332031,33
769,-4.712500095367432,32
770,-4.467336654663086,34
771,-4.886058807373047,36
772,-5.054032802581787,14
773,-5.384845733642578,29
774,-5.921491622924805,70
775,-4.952824592590332,21
776,-5.579320907592773,31
777,-4.1548051834106445,57
778,-4.822299957275391,25
779,-4.501757621765137,39
780,-3.5894999504089355,96
781,-4.85026741027832,48
782,-4.73513126373291,50
783,-3.8061904907226562,90
784,-4.835724830627441,35
785,-5.079383373260498,90
786,-5.0158843994140625,22
787,-5.234927177429199,10
788,-5.530612468719482,39
789,-4.270872592926025,54
790,-4.881948471069336,16
791,-5.1257219314575195,23
792,-5.4665632247924805,63
793,-6.030179977416992,73
794,-4.621674537658691,71
795,-4.6562066078186035,61
796,-4.983874320983887,23
797,-2.554392099380493,104
798,-4.541637420654297,23
799,-3.7877488136291504,58
800,-5.856276512145996,50
801,-3.7352991104125977,93
802,-4.382367134094238,41
803,-4.399082660675049,38
804,-5.305877208709717,29
805,-5.218555450439453,24
806,-3.8446929454803467,60
807,-5.019131183624268,25
808,-5.1887054443359375,28
809,-4.892991065979004,109
810,-4.474843978881836,27
811,-4.747015476226807,34
812,-5.083127498626709,44
813,-4.969166278839111,147
814,-4.819507122039795,27
815,-5.387021064758301,33
816,-4.589491844177246,43
817,-4.566089153289795,33
818,-4.556826114654541,63
819,-4.9262237548828125,34
820,-5.010362148284912,39
821,-3.9082322120666504,82
822,-4.935344219207764,52
823,-4.230168342590332,53
824,-4.650257110595703,63
825,-5.1651740074157715,31
826,-4.9259819984436035,15
827,-4.722566604614258,84
828,-3.705441951751709,50
829,-5.073100566864014,44
830,-5.247990608215332,33
831,-5.501472473144531,32
832,-6.058815956115723,55
833,-3.1863226890563965,73
834,-5.761658668518066,90
835,-4.55754280090332,47
836,-5.2813401222229,32
837,-5.281088352203369,9
838,-5.0640106201171875,34
839,-4.583925247192383,28
840,-4.858370780944824,30
841,-5.800937175750732,152
842,-4.0132012367248535,48
843,-4.9108500480651855,21
844,-5.4570488929748535,33
845,-4.452087879180908,42
846,-4.933819770812988,79
847,-3.1648476123809814,91
848,-4.95306921005249,18
849,-3.951220989227295,66
850,-3.1840929985046387,73
851,-6.181191921234131,65
852,-5.438621997833252,88
853,-5.480599403381348,37
854,-4.4169769287109375,28
855,-5.326865196228027,31
856,-4.565727233886719,95
857,-4.26314640045166,50
858,-4.805393695831299,114
859,-5.167797565460205,45
860,-5.723475933074951,98
861,-4.284099578857422,29
862,-5.185122489929199,18
863,-4.254371643066406,53
864,-5.412971496582031,26
865,-4.7471184730529785,30
866,-5.782760143280029,62
867,-5.220542907714844,34
868,-2.9031288623809814,78
869,-5.057026386260986,36
870,-5.092306613922119,33
871,-3.252080202102661,78
872,-5.199583053588867,12
873,-3.364532709121704,64
874,-4.34574556350708,69
875,-5.3097147941589355,15
876,-5.973466396331787,48
877,-3.852013111114502,119
878,-4.027993679046631,40
879,-4.73663330078125,88
880,-4.072821140289307,50
881,-5.111924648284912,49
882,-5.5737128257751465,32
883,-4.804782390594482,34
884,-2.5448553562164307,73
885,-4.796414375305176,23
886,-5.039315223693848,70
887,-4.855710983276367,85
888,-4.718799114227295,33
889,-4.2386474609375,77
890,-4.788665294647217,61
891,-5.348665714263916,10
892,-5.780154705047607,99
893,-5.372655391693115,28
894,-5.062862396240234,13
895,-2.45078706741333,237
896,-5.267328262329102,31
897,-3.666238307952881,51
898,-5.473008632659912,78
899,-5.203530788421631,23
900,-2.185945987701416,144
901,-5.074417591094971,44
902,-5.249368190765381,50
903,-5.275885581970215,34
904,-5.041200637817383,28
905,-5.834352493286133,64
906,-4.315071105957031,91
907,-5.178469657897949,27
908,-4.353448390960693,64
909,-4.8227410316467285,49
910,-4.677303791046143,40
911,-6.155034065246582,92
912,-5.2564544677734375,59
913,-3.529484748840332,82
914,-4.11984920501709,74
915,-4.25261116027832,46
916,-4.684609413146973,37
917,-5.925840377807617,142
918,-2.714616060256958,144
919,-4.829705715179443,99
920,-4.5839433670043945,49
921,-4.115521430969238,101
922,-4.877406597137451,30
923,-5.242910861968994,14
924,-5.4288506507873535,68
925,-5.347219944000244,13
926,-3.819486141204834,46
927,-4.556897163391113,51
928,-4.213621616363525,53
929,-5.252897262573242,18
930,-4.6932268142700195,51
931,-3.8443832397460938,82
932,-5.126094341278076,124
933,-5.607385635375977,74
934,-4.443351745605469,49
935,-5.063948154449463,12
936,-5.611234664916992,88
937,-5.361605167388916,32
938,-5.564682483673096,35
939,-5.196606636047363,12
940,-5.19838285446167,33
941,-5.392170429229736,12
942,-4.333779335021973,61
943,-4.981163024902344,33
944,-4.031440734863281,48
945,-4.448176383972168,45
946,-5.215860366821289,39
947,-4.675266265869141,59
948,-3.5464277267456055,113
949,-4.600006103515625,113
950,-5.419558048248291,8
951,-4.466459274291992,92
952,-5.141057968139648,34
953,-5.1803178787231445,46
954,-4.945339202880859,132
955,-3.665511131286621,69
956,-5.305535316467285,32
957,-3.836944103240967,102
958,-2.4496989250183105,96
959,-5.364423751831055,39
960,-5.1537909507751465,27
961,-5.013942718505859,18
962,-7.299441337585449,145
963,-4.141997337341309,47
964,-6.639309883117676,101
965,-5.353214740753174,10
966,-5.151975631713867,29
967,-5.708069324493408,35
968,-5.193952560424805,34
969,-4.686059951782227,26
970,-5.254344463348389,29
971,-5.5742292404174805,59
972,-5.677878379821777,31
973,-3.63018798828125,53
974,-4.467423439025879,42
975,-6.3043212890625,106
976,-4.418607234954834,51
977,-5.172263145446777,73
978,-4.744610786437988,33
979,-2.7779808044433594,168
980,-5.961148262023926,133
981,-4.072802543640137,63
982,-5.463039875030518,9
983,-4.569802284240723,91
984,-5.119965076446533,18
985,-4.670928001403809,34
986,-5.22467565536499,34
987,-0.3094601631164551,204
988,-4.785471439361572,30
989,-4.908830165863037,32
990,-4.040763854980469,81
991,-4.870636940002441,36
992,-5.262523651123047,57
993,-5.507274627685547,32
994,-3.9318556785583496,46
995,-5.726212024688721,50
996,-4.050887584686279,40
997,-5.38834810256958,35
998,-7.145283222198486,173
999,-3.5203425884246826,61
1000,-5.708200454711914,97
1001,-4.734255790710449,34
1002,-5.178280353546143,36
1003,-5.146793842315674,14
1004,-5.505842208862305,31
1005,-5.879331111907959,62
1006,-3.0822699069976807,149
1007,-3.2706665992736816,49
1008,-3.089566707611084,92
1009,-5.637845516204834,45
1010,-5.445885181427002,54
1011,-6.200771331787109,63
1012,-4.905040264129639,27
1013,-5.037670135498047,48
1014,-5.63399076461792,115
1015,-4.803746700286865,24
1016,-4.731970310211182,35
1017,-4.442470073699951,50
1018,-4.603577136993408,23
1019,-5.524888038635254,76
1020,-6.2939605712890625,73
1021,-4.062490463256836,110
1022,-3.9648046493530273,102
1023,0.07667970657348633,152
1024,-5.115199089050293,69
1025,-5.559605121612549,26
1026,-3.967600107192993,46
1027,-4.969388961791992,22
1028,-5.319204807281494,70
1029,-5.408623218536377,27
1030,-4.85353946685791,24
1031,-5.767911434173584,43
1032,-5.457354545593262,10
1033,-4.455587387084961,61
1034,-6.210587024688721,102
1035,-9.204669952392578,269
1036,-4.806098461151123,55
1037,-5.510478973388672,35
1038,-4.842623233795166,46
1039,-3.5685248374938965,68
1040,-5.062880516052246,45
1041,-5.1336750984191895,39
1042,-5.414822101593018,31
1043,-4.302867412567139,38
1044,-4.629777431488037,42
1045,-3.668144941329956,101
1046,-3.8758418560028076,187
1047,-5.643313884735107,27
1048,-5.442134857177734,48
1049,-4.298766613006592,64
1050,-5.676852703094482,32
1051,-5.144773960113525,120
1052,-4.238954544067383,71
1053,-3.987482786178589,63
1054,-5.354013919830322,46
1055,-5.1033525466918945,27
1056,-5.220418453216553,44
1057,-4.901501178741455,24
1058,-4.9372477531433105,24
1059,-5.00536584854126,24
1060,-5.376211643218994,13
1061,-5.253183841705322,15
1062,-4.782980918884277,39
1063,-4.926170349121094,31
1064,-4.313085079193115,75
1065,-3.6700899600982666,90
1066,-5.324028015136719,37
1067,-6.125865459442139,59
1068,-4.71658992767334,43
1069,-4.208255767822266,89
1070,-5.125263690948486,40
1071,-6.584811210632324,59
1072,-3.6296329498291016,111
1073,-3.093459129333496,129
1074,-2.0371949672698975,168
1075,-5.529980659484863,38
1076,-4.987301349639893,36
1077,-2.910745859146118,140
1078,-3.5467655658721924,72
1079,-5.6390910148620605,43
1080,-5.1572465896606445,51
1081,-5.05880880355835,17
1082,-4.914490699768066,35
1083,-4.278146266937256,51
1084,-5.551181316375732,31
1085,-5.118048667907715,20
1086,-4.78161096572876,30
1087,-2.2615966796875,106
1088,-4.542932510375977,61
1089,-4.172638893127441,93
1090,-6.531998157501221,87
1091,-3.5511667728424072,54
1092,-4.224998474121094,75
1093,-5.19551420211792,18
1094,-4.405625343322754,84
1095,-3.6287965774536133,93
1096,-6.364641189575195,63
1097,-5.114925384521484,216
1098,-5.293458461761475,15
1099,-5.967593193054199,69
1100,-4.062102794647217,73
1101,-3.9098880290985107,115
1102,-4.434776306152344,61
1103,-5.46099328994751,45
1104,-4.813466548919678,40
1105,-4.455165863037109,53
1106,-5.238903045654297,38
1107,-4.495831489562988,53
1108,-4.065069675445557,44
1109,-5.162053108215332,56
1110,-3.0703678131103516,95
1111,-2.008680582046509,106
1112,-4.789963722229004,31
1113,-5.295619487762451,82
1114,-5.108674049377441,11
1115,-4.581042289733887,96
1116,-5.421533584594727,40
1117,-5.153174877166748,68
1118,-3.925238847732544,117
1119,-4.812343597412109,35
1120,-4.5712175369262695,64
1121,-5.7925004959106445,54
1122,-4.844799041748047,82
1123,-5.0869927406311035,78
1124,-5.2604217529296875,37
1125,-5.092023849487305,23
1126,-5.466441631317139,40
1127,-5.285365581512451,14
1128,-6.253625392913818,76
1129,-2.747011184692383,90
1130,-4.888182163238525,33
1131,-5.4452385902404785,32
1132,-1.4843378067016602,148
1133,-5.0342278480529785,30
1134,-4.338183879852295,74
1135,-4.535684585571289,68
1136,-5.982232570648193,104
1137,-5.153273105621338,19
1138,-4.802376747131348,35
1139,-4.55670166015625,36
1140,-0.790961742401123,165
1141,-3.4754207134246826,195
1142,-5.762699127197266,144
1143,-4.841855049133301,54
1144,-5.287315845489502,19
1145,-6.130328178405762,74
1146,-5.323366165161133,40
1147,-4.469237804412842,103
1148,-6.840784072875977,87
1149,-4.576178550720215,41
1150,-5.644458770751953,57
1151,-4.55678129196167,40
1152,-6.235734462738037,89
1153,-3.0085480213165283,175
1154,-4.992153167724609,26
1155,-4.15790319442749,58
1156,-4.377712726593018,39
1157,-5.301377296447754,59
1158,-4.999830722808838,61
1159,-4.666173934936523,58
1160,-5.551204204559326,97
1161,-5.182715892791748,118
1162,-5.234707832336426,19
1163,-3.0985751152038574,81
1164,-7.149327278137207,140
1165,-4.740078449249268,127
1166,-5.081050872802734,40
1167,-5.1834716796875,15
1168,-5.069794654846191,55
1169,-5.194711685180664,56
1170,-5.121424198150635,12
1171,-5.308806896209717,35
1172,-5.02172327041626,30
1173,-4.840904235839844,38
1174,-5.197975158691406,13
1175,-5.690104961395264,38
1176,-4.491405487060547,53
1177,-4.139961242675781,90
1178,-3.9334115982055664,151
1179,-5.337481498718262,34
1180,-5.523121356964111,62
1181,-5.5766706466674805,32
1182,-4.566543102264404,130
1183,-4.9982428550720215,31
1184,-5.244396209716797,81
1185,-5.079676151275635,58
1186,-5.299075126647949,14
1187,-5.273364543914795,28
1188,-5.043840408325195,30
1189,-3.8218178749084473,294
1190,-4.939076900482178,58
1191,-6.061697006225586,83
1192,-4.776822090148926,34
1193,-5.532861232757568,32
1194,-5.360798358917236,52
1195,-5.181882858276367,41
1196,-6.471514701843262,62
1197,-5.23495626449585,17
1198,-5.4111857414245605,94
1199,-5.1686692237854,53
1200,-3.6947805881500244,54
1201,-4.429680347442627,38
1202,-3.856825828552246,46
1203,-4.116079807281494,55
1204,-5.317473411560059,36
1205,-3.976480484008789,160
1206,3.3056137561798096,301
1207,-4.713542938232422,49
1208,-3.9225151538848877,44
1209,-4.9012885093688965,24
1210,-5.3105621337890625,117
1211,-4.722891807556152,32
1212,-4.743549346923828,67
1213,-4.37513542175293,81
1214,-5.231368064880371,30
1215,-5.180301666259766,35
1216,-5.874881744384766,116
1217,-5.252530574798584,43
1218,-5.092527389526367,63
1219,-5.528826713562012,30
1220,-5.9982686042785645,90
1221,-3.5655786991119385,129
1222,-4.467250823974609,45
1223,-5.343538284301758,16
1224,-3.3943674564361572,54
1225,-4.571722030639648,62
1226,-2.0528948307037354,197
1227,-5.216516494750977,17
1228,-4.543569087982178,92
1229,-4.505489349365234,58
1230,-4.248967170715332,84
1231,-5.573340892791748,28
1232,-5.142508029937744,34
1233,-1.4240927696228027,205
1234,-4.755062103271484,41
1235,-4.500761032104492,27
1236,-4.866020202636719,84
1237,-6.136918067932129,71
1238,-4.966910362243652,20
1239,-5.18595552444458,16
1240,-4.88176965713501,55
1241,-7.569102764129639,172
1242,-3.245718479156494,114
1243,-4.512612342834473,90
1244,-5.7726216316223145,45
1245,-4.603626251220703,41
1246,-5.596103668212891,73
1247,-5.381738662719727,12
1248,-5.2169294357299805,71
1249,-5.044377326965332,104
1250,-5.042922496795654,56
1251,-4.725907802581787,39
1252,-5.442094802856445,11
1253,-5.164170742034912,42
1254,-4.946737289428711,27
1255,-1.7012624740600586,203
1256,-5.770912170410156,83
1257,-5.990803241729736,54
1258,-2.714858055114746,218
1259,-4.891941547393799,34
1260,-2.131699323654175,225
1261,-5.51467227935791,53
1262,-5.434845924377441,55
1263,-5.282161712646484,37
1264,-4.400854110717773,73
1265,-4.347815036773682,46
1266,-1.037992000579834,128
1267,-4.742944717407227,47
1268,-5.690204620361328,66
1269,-2.306955099105835,183
1270,-3.976304531097412,56
1271,-4.581543922424316,103
1272,-2.4737300872802734,285
1273,-6.407549858093262,73
1274,-4.316427707672119,46
1275,-5.06428337097168,17
1276,-4.206510543823242,39
1277,-5.452425003051758,95
1278,-4.970858573913574,42
1279,-2.8258204460144043,108
1280,-5.239660739898682,19
1281,-3.236950397491455,96
1282,-5.906708240509033,52
1283,-3.8949294090270996,109
1284,-5.076324939727783,67
1285,-2.5404956340789795,117
1286,-5.415239334106445,149
1287,-5.654260635375977,109
1288,-2.8988561630249023,147
1289,-2.4058516025543213,111
1290,-7.36300802230835,203
1291,-3.0535168647766113,156
1292,-2.9166860580444336,65
1293,-5.285207271575928,44
1294,-5.284120082855225,34
1295,-5.311050891876221,53
1296,-5.11240291595459,39
1297,-4.788509845733643,46
1298,-4.773392677307129,70
1299,-5.151763916015625,24
1300,-3.8099186420440674,63
1301,-8.232057571411133,127
1302,-4.589175224304199,77
1303,-5.0700860023498535,25
1304,-3.9810616970062256,57
1305,-4.9572434425354,38
1306,-3.427633285522461,80
1307,-5.5491485595703125,35
1308,-5.142248630523682,25
1309,-3.54836368560791,93
1310,-4.653574466705322,41
1311,-5.219120502471924,40
1312,-3.4757204055786133,163
1313,-4.0164337158203125,48
1314,-5.386631488800049,31
1315,-3.822798728942871,103
1316,-4.850602149963379,91
1317,-5.375969886779785,28
1318,-4.8219218254089355,45
1319,-4.351073265075684,61
1320,-6.45664119720459,106
1321,-5.6402764320373535,34
1322,-5.845200061798096,84
1323,-3.4726388454437256,267
1324,-4.6822829246521,52
1325,-4.558656215667725,50
1326,-4.315952301025391,40
1327,-4.916413307189941,23
1328,-4.2555036544799805,57
1329,-2.501805305480957,134
1330,-4.779655933380127,20
1331,-4.10253381729126,55
1332,-5.73556661605835,51
1333,-4.925573348999023,43
1334,-2.6794750690460205,83
1335,-4.7411651611328125,29
1336,-3.590041160583496,72
1337,-3.4556994438171387,84
1338,-1.6731877326965332,121
1339,-2.8589093685150146,82
1340,-5.910663604736328,48
1341,-5.555675506591797,34
1342,-4.613755226135254,37
1343,-5.513335227966309,32
1344,-3.6182374954223633,93
1345,-5.426481246948242,35
1346,-4.380295753479004,49
1347,-4.773414611816406,140
1348,-5.305955410003662,28
1349,-3.9351344108581543,72
1350,-5.683399677276611,152
1351,-4.833016872406006,33
1352,-3.984449863433838,72
1353,-4.5215606689453125,93
1354,-2.3876194953918457,131
1355,-5.048840522766113,22
1356,0.042082786560058594,197
1357,-4.821722984313965,19
1358,-0.7823848724365234,140
1359,-2.8892972469329834,133
1360,-5.607642650604248,57
1361,-1.7935638427734375,159
1362,-5.73370361328125,71
1363,-4.970770835876465,132
1364,-3.9986228942871094,53
1365,-4.121289253234863,66
1366,-2.971181631088257,153
1367,-5.4417595863342285,37
1368,-5.525111675262451,93
1369,-0.9502077102661133,169
1370,-2.6006076335906982,125
1371,-3.691258430480957,62
1372,-4.130885124206543,36
1373,-4.1342315673828125,81
1374,-4.618572235107422,32
1375,-4.634937286376953,294
1376,-5.180328369140625,24
1377,-4.947254657745361,96
1378,-4.409431457519531,59
1379,-1.2902908325195312,200
1380,-5.060189247131348,36
1381,-5.727578639984131,44
1382,-5.063117980957031,83
1383,-4.940479755401611,47
1384,-3.9144043922424316,218
1385,-5.528416633605957,33
1386,-5.175670623779297,28
1387,-2.7689626216888428,103
1388,-6.070330619812012,67
1389,-3.274294853210449,177
1390,-5.80620002746582,42
1391,-1.0732388496398926,145
1392,-5.431613922119141,40
1393,-4.75083589553833,34
1394,-2.0633301734924316,153
1395,-5.209750652313232,37
1396,-2.549680471420288,93
1397,-5.974873065948486,96
1398,-6.505516052246094,71
1399,-3.784040689468384,106
1400,-6.278541088104248,107
1401,-4.33793830871582,115
1402,-3.4297852516174316,130
1403,-4.692265510559082,55
1404,-2.342167377471924,117
1405,-5.530161380767822,98
1406,-4.271579265594482,123
1407,-4.623048782348633,79
1408,-4.933608531951904,29
1409,-4.313953399658203,36
1410,-5.575695991516113,31
1411,-5.070312976837158,144
1412,-4.228194713592529,127
1413,-2.832002639770508,105
1414,-5.123543739318848,43
1415,-4.762032508850098,21
1416,-5.497478485107422,28
1417,-5.210419178009033,38
1418,-6.31195592880249,80
1419,-4.308986186981201,76
1420,-4.933825492858887,18
1421,1.1523642539978027,258
1422,-5.723635673522949,61
1423,-5.2491888999938965,22
1424,-5.794301986694336,44
1425,-4.615735054016113,94
1426,-6.451935768127441,164
1427,-4.808890342712402,47
1428,-4.4112677574157715,31
1429,-4.8751540184021,63
1430,-5.72251033782959,71
1431,-4.290433406829834,38
1432,-4.722288131713867,84
1433,-7.277109146118164,245
1434,-4.196577072143555,124
1435,-5.054563045501709,71
1436,-4.365219593048096,45
1437,-5.1671881675720215,33
1438,-3.347891092300415,57
1439,-5.439702033996582,36
1440,-4.307878017425537,72
1441,-5.762472152709961,41
1442,3.148101806640625,301
1443,-5.205059051513672,30
1444,-5.197515487670898,45
1445,-4.8770341873168945,24
1446,-4.979152679443359,88
1447,-5.372837543487549,29
1448,-3.4872496128082275,133
1449,-2.1700758934020996,81
1450,-1.803879737854004,179
1451,-5.426948070526123,14
1452,-5.267969131469727,29
1453,-6.684717655181885,65
1454,-2.271671772003174,285
1455,-4.4550580978393555,40
1456,-3.1225972175598145,115
1457,-4.4247307777404785,60
1458,-6.695369720458984,108
1459,-6.8707780838012695,196
1460,-5.25963020324707,65
1461,-5.104249000549316,31
1462,-5.562817573547363,74
1463,-4.497878074645996,73
1464,-0.9086995124816895,212
1465,-4.975672245025635,18
1466,-4.532398223876953,55
1467,3.3208091259002686,301
1468,-4.406154632568359,45
1469,-4.370481014251709,54
1470,-5.412148475646973,10
1471,-1.3139262199401855,137
1472,-6.316753387451172,46
1473,-2.020895481109619,187
1474,0.4690585136413574,214
1475,-5.311969757080078,14
1476,-4.759353160858154,33
1477,-3.6284847259521484,103
1478,-2.32861590385437,94
1479,-4.838160514831543,38
1480,-4.447469234466553,45
1481,-5.871245861053467,129
1482,-4.028721809387207,54
1483,-5.665760040283203,41
1484,-5.602146148681641,34
1485,-4.723922252655029,34
1486,-5.178417205810547,21
1487,-4.472317218780518,103
1488,-3.4669241905212402,88
1489,-2.9545271396636963,137
1490,-4.454437732696533,115
1491,-5.047010898590088,97
1492,-5.038108825683594,23
1493,-2.3427646160125732,159
1494,-5.102485179901123,44
1495,-5.73507022857666,42
1496,-4.910707473754883,81
1497,-4.873253345489502,144
1498,-4.301632404327393,94
1499,-4.6158833503723145,76
1500,-3.602231502532959,283
1501,-4.123699188232422,54
1502,-5.014395713806152,54
1503,-5.1250739097595215,121
1504,-4.090235710144043,82
1505,-2.5124595165252686,140
1506,-6.602900981903076,104
1507,-5.358090877532959,69
1508,-5.262116432189941,29
1509,-5.192834854125977,34
1510,-5.2311859130859375,29
1511,-4.526485919952393,62
1512,-4.595539093017578,204
1513,-3.013446807861328,212
1514,-5.365663051605225,10
1515,-4.582549095153809,114
1516,-4.999936580657959,18
1517,0.4658818244934082,176
1518,-5.138407230377197,18
1519,-3.1843862533569336,119
1520,-4.901456832885742,25
1521,-4.217071056365967,48
1522,-4.4875969886779785,29
1523,-4.903401851654053,48
1524,-3.7892489433288574,84
1525,-4.859493732452393,30
1526,-0.4926471710205078,149
1527,-5.614762306213379,30
1528,-4.399552345275879,77
1529,-4.8225812911987305,58
1530,5.555720329284668,301
1531,-6.815650939941406,90
1532,-5.382428169250488,10
1533,-5.551258087158203,7
1534,-4.037945747375488,195
1535,-5.525083541870117,32
1536,-4.678709983825684,96
1537,-5.094426155090332,25
1538,-3.363591432571411,109
1539,-3.1104421615600586,95
1540,-3.4002017974853516,131
1541,-4.05043888092041,138
1542,3.6539273262023926,227
1543,-4.2840118408203125,156
1544,-5.206283092498779,20
1545,2.1487951278686523,235
1546,-5.157617092132568,21
1547,-4.920188903808594,86
1548,-5.210821151733398,56
1549,-4.936310291290283,25
1550,-5.27324104309082,45
1551,-1.3208494186401367,143
1552,-0.850822925567627,100
1553,-5.131298542022705,16
1554,-3.3372669219970703,188
1555,-4.374447822570801,52
1556,-5.322116851806641,30
1557,-5.152042865753174,140
1558,-5.299800395965576,12
1559,-5.633683204650879,46
1560,-5.140820026397705,34
1561,-4.750904083251953,38
1562,-5.066511631011963,43
1563,4.698511123657227,301
1564,-3.34110951423645,149
1565,-4.331503868103027,98
1566,-2.139784097671509,83
1567,-0.9765419960021973,142
1568,-4.847297191619873,58
1569,-5.018896579742432,24
1570,-2.3128700256347656,124
1571,-2.02657151222229,146
1572,0.6291618347167969,244
1573,-5.979866027832031,65
1574,-5.084280014038086,71
1575,-5.053384780883789,26
1576,-5.845828533172607,50
1577,-5.6006293296813965,99
1578,-3.690974712371826,141
1579,-4.449273109436035,73
1580,-5.472044944763184,28
1581,-4.013947486877441,34
1582,-5.610567569732666,108
1583,-3.069918632507324,110
1584,-3.7808377742767334,131
1585,-5.810920238494873,63
1586,-5.128700256347656,21
1587,-2.376776695251465,73
1588,-3.8968915939331055,78
1589,-6.9933857917785645,131
1590,-5.140343189239502,19
1591,-5.0338873863220215,126
1592,-4.390974044799805,36
1593,5.483016014099121,301
1594,-5.038619518280029,54
1595,-6.351623058319092,60
1596,-3.8466248512268066,246
1597,-5.66505241394043,40
1598,-4.695874214172363,53
1599,-4.387359619140625,31
1600,-4.944766521453857,39
1601,-5.9178032875061035,95
1602,-4.003037929534912,62
1603,-4.876814842224121,127
1604,-5.611896514892578,91
1605,-4.839962482452393,30
1606,-6.437329292297363,69
1607,-4.8903117179870605,57
1608,0.29988765716552734,176
1609,-5.346580982208252,40
1610,-5.259571075439453,60
1611,-3.7631990909576416,146
1612,-5.609640121459961,265
1613,-5.161126613616943,53
1614,-4.7591094970703125,58
1615,-1.1827611923217773,214
1616,-5.162691116333008,12
1617,-5.325168609619141,12
1618,-5.237081050872803,18
1619,-5.120107650756836,35
1620,-4.453972816467285,50
1621,-4.941516876220703,26
1622,-4.968635082244873,131
1623,-5.570399284362793,33
1624,-3.2701573371887207,73
1625,-3.0669479370117188,61
1626,-0.33722686767578125,238
1627,-5.046061038970947,39
1628,-2.3250863552093506,122
1629,-3.5290963649749756,173
1630,-4.524115562438965,58
1631,-4.9779767990112305,72
1632,-3.994955539703369,111
1633,-4.253062725067139,115
1634,-3.8209822177886963,61
1635,-4.148213863372803,61
1636,-3.0721001625061035,71
1637,-6.436620235443115,72
1638,-3.964704990386963,90
1639,-4.38885498046875,59
1640,-5.071255683898926,46
1641,-5.001791954040527,25
1642,-4.524180889129639,36
1643,8.991909980773926,301
1644,-5.137639999389648,21
1645,-3.3566009998321533,171
1646,-3.3424980640411377,92
1647,-5.2530622482299805,42
1648,-0.604210376739502,198
1649,-5.128163814544678,65
1650,-6.252375602722168,107
1651,3.644742012023926,215
1652,1.6301932334899902,262
1653,-4.776544570922852,28
1654,-4.027149200439453,73
1655,-4.920107841491699,31
1656,-5.015110969543457,13
1657,-4.688752174377441,36
1658,-3.530427932739258,112
1659,-4.958576679229736,28
1660,-3.365633726119995,187
1661,-3.984193801879883,85
1662,-3.6094937324523926,76
1663,-0.037740230560302734,231
1664,-3.8388924598693848,271
1665,-4.924168109893799,27
1666,-5.049693584442139,52
1667,0.027521133422851562,195
1668,-5.054139137268066,28
1669,-4.219701290130615,56
1670,-4.799612522125244,55
1671,-2.9801347255706787,126
1672,-3.6974709033966064,85
1673,-4.48801851272583,59
1674,-3.6770741939544678,66
1675,-5.001740455627441,46
1676,-4.185518264770508,80
1677,-4.703901290893555,141
1678,-2.160621404647827,93
1679,-4.8391265869140625,74
1680,-1.8650925159454346,242
1681,-4.464506149291992,27
1682,-5.069012641906738,21
1683,-3.7561092376708984,89
1684,-5.195187568664551,20
1685,-5.123037815093994,51
1686,-5.068737506866455,84
1687,-4.984710216522217,18
1688,-2.381211757659912,182
1689,-5.102176189422607,71
1690,0.9585766792297363,227
1691,0.46752309799194336,187
1692,-0.05897188186645508,229
1693,2.1439590454101562,291
1694,-4.343568801879883,78
1695,-5.442506313323975,36
1696,-4.659975051879883,65
1697,-4.166807651519775,40
1698,-4.567018508911133,31
1699,-4.321000099182129,53
1700,-4.031756401062012,77
1701,-3.8895697593688965,171
1702,-4.837466716766357,29
1703,-4.897787570953369,135
1704,-5.214129447937012,176
1705,-2.5370168685913086,90
1706,-3.5293633937835693,111
1707,-6.340322971343994,61
1708,-4.498889923095703,35
1709,-4.87608003616333,63
1710,-4.86832857131958,30
1711,-5.149953842163086,68
1712,-4.9587082862854,44
1713,-4.441647052764893,80
1714,-4.946873664855957,44
1715,-4.363253593444824,40
1716,-5.0506744384765625,22
1717,-5.518594741821289,35
1718,-4.866972923278809,27
1719,-4.892414569854736,103
1720,-4.794200420379639,89
1721,-5.3852620124816895,99
1722,1.133967399597168,279
1723,-3.464360475540161,49
1724,-4.536269187927246,111
